command	kind	mode	codepoint	name	meaning	role	font	katex	source	note
\faAccessibleIcon	text	text	U+25A1	accessible-icon			solid		lib-symb/fontawesome5/tex/latex/fontawesome5/fontawesome5-mapping.def	package PUA U+F368; mapped to public Unicode; style-class solid
\faAccusoft	text	text	U+25A1	accusoft			solid		lib-symb/fontawesome5/tex/latex/fontawesome5/fontawesome5-mapping.def	package PUA U+F369; mapped to public Unicode; style-class solid
\faAcquisitionsIncorporated	text	text	U+25A1	acquisitions-incorporated			solid		lib-symb/fontawesome5/tex/latex/fontawesome5/fontawesome5-mapping.def	package PUA U+F6AF; mapped to public Unicode; style-class solid
\faAd	text	text	U+25A1	ad			solid		lib-symb/fontawesome5/tex/latex/fontawesome5/fontawesome5-mapping.def	package PUA U+F641; mapped to public Unicode; style-class solid
\faAddressBook	text	text	U+1F4D3	address-book			solid		lib-symb/fontawesome5/tex/latex/fontawesome5/fontawesome5-mapping.def	package PUA U+F2B9; mapped to public Unicode; style-class solid
\faAddressCard	text	text	U+1F4C7	address-card			solid		lib-symb/fontawesome5/tex/latex/fontawesome5/fontawesome5-mapping.def	package PUA U+F2BB; mapped to public Unicode; style-class solid
\faAdjust	text	text	U+25D0	adjust			solid		lib-symb/fontawesome5/tex/latex/fontawesome5/fontawesome5-mapping.def	package PUA U+F042; mapped to public Unicode; style-class solid
\faAdn	text	text	U+25A1	adn			solid		lib-symb/fontawesome5/tex/latex/fontawesome5/fontawesome5-mapping.def	package PUA U+F170; mapped to public Unicode; style-class solid
\faAdversal	text	text	U+25A1	adversal			solid		lib-symb/fontawesome5/tex/latex/fontawesome5/fontawesome5-mapping.def	package PUA U+F36A; mapped to public Unicode; style-class solid
\faAffiliatetheme	text	text	U+25A1	affiliatetheme			solid		lib-symb/fontawesome5/tex/latex/fontawesome5/fontawesome5-mapping.def	package PUA U+F36B; mapped to public Unicode; style-class solid
\faAirFreshener	text	text	U+25A1	air-freshener			solid		lib-symb/fontawesome5/tex/latex/fontawesome5/fontawesome5-mapping.def	package PUA U+F5D0; mapped to public Unicode; style-class solid
\faAirbnb	text	text	U+25A1	airbnb			solid		lib-symb/fontawesome5/tex/latex/fontawesome5/fontawesome5-mapping.def	package PUA U+F834; mapped to public Unicode; style-class solid
\faAlgolia	text	text	U+25A1	algolia			solid		lib-symb/fontawesome5/tex/latex/fontawesome5/fontawesome5-mapping.def	package PUA U+F36C; mapped to public Unicode; style-class solid
\faAlignCenter	text	text	U+2261	align-center			solid	\equiv	lib-symb/fontawesome5/tex/latex/fontawesome5/fontawesome5-mapping.def	package PUA U+F037; mapped to public Unicode; style-class solid
\faAlignJustify	text	text	U+2630	align-justify			solid		lib-symb/fontawesome5/tex/latex/fontawesome5/fontawesome5-mapping.def	package PUA U+F039; mapped to public Unicode; style-class solid
\faAlignLeft	text	text	U+2630	align-left			solid		lib-symb/fontawesome5/tex/latex/fontawesome5/fontawesome5-mapping.def	package PUA U+F036; mapped to public Unicode; style-class solid
\faAlignRight	text	text	U+2630	align-right			solid		lib-symb/fontawesome5/tex/latex/fontawesome5/fontawesome5-mapping.def	package PUA U+F038; mapped to public Unicode; style-class solid
\faAlipay	text	text	U+25A1	alipay			solid		lib-symb/fontawesome5/tex/latex/fontawesome5/fontawesome5-mapping.def	package PUA U+F642; mapped to public Unicode; style-class solid
\faAllergies	text	text	U+25A1	allergies			solid		lib-symb/fontawesome5/tex/latex/fontawesome5/fontawesome5-mapping.def	package PUA U+F461; mapped to public Unicode; style-class solid
\faAmazon	text	text	U+1F310	amazon			solid		lib-symb/fontawesome5/tex/latex/fontawesome5/fontawesome5-mapping.def	package PUA U+F270; mapped to public Unicode; style-class solid
\faAmazonPay	text	text	U+25A1	amazon-pay			solid		lib-symb/fontawesome5/tex/latex/fontawesome5/fontawesome5-mapping.def	package PUA U+F42C; mapped to public Unicode; style-class solid
\faAmbulance	text	text	U+1F691	ambulance			solid		lib-symb/fontawesome5/tex/latex/fontawesome5/fontawesome5-mapping.def	package PUA U+F0F9; mapped to public Unicode; style-class solid
\faAmericanSignLanguageInterpreting	text	text	U+25A1	american-sign-language-interpreting			solid		lib-symb/fontawesome5/tex/latex/fontawesome5/fontawesome5-mapping.def	package PUA U+F2A3; mapped to public Unicode; style-class solid
\faAmilia	text	text	U+25A1	amilia			solid		lib-symb/fontawesome5/tex/latex/fontawesome5/fontawesome5-mapping.def	package PUA U+F36D; mapped to public Unicode; style-class solid
\faAnchor	text	text	U+2693	anchor			solid		lib-symb/fontawesome5/tex/latex/fontawesome5/fontawesome5-mapping.def	package PUA U+F13D; mapped to public Unicode; style-class solid
\faAndroid	text	text	U+1F4F1	android			solid		lib-symb/fontawesome5/tex/latex/fontawesome5/fontawesome5-mapping.def	package PUA U+F17B; mapped to public Unicode; style-class solid
\faAngellist	text	text	U+1F31F	angellist			solid		lib-symb/fontawesome5/tex/latex/fontawesome5/fontawesome5-mapping.def	package PUA U+F209; mapped to public Unicode; style-class solid
\faAngleDoubleDown	text	text	U+25A1	angle-double-down			solid		lib-symb/fontawesome5/tex/latex/fontawesome5/fontawesome5-mapping.def	package PUA U+F103; mapped to public Unicode; style-class solid
\faAngleDoubleLeft	text	text	U+00AB	angle-double-left			solid		lib-symb/fontawesome5/tex/latex/fontawesome5/fontawesome5-mapping.def	package PUA U+F100; mapped to public Unicode; style-class solid
\faAngleDoubleRight	text	text	U+00BB	angle-double-right			solid		lib-symb/fontawesome5/tex/latex/fontawesome5/fontawesome5-mapping.def	package PUA U+F101; mapped to public Unicode; style-class solid
\faAngleDoubleUp	text	text	U+25A1	angle-double-up			solid		lib-symb/fontawesome5/tex/latex/fontawesome5/fontawesome5-mapping.def	package PUA U+F102; mapped to public Unicode; style-class solid
\faAngleDown	text	text	U+2304	angle-down			solid		lib-symb/fontawesome5/tex/latex/fontawesome5/fontawesome5-mapping.def	package PUA U+F107; mapped to public Unicode; style-class solid
\faAngleLeft	text	text	U+2039	angle-left			solid		lib-symb/fontawesome5/tex/latex/fontawesome5/fontawesome5-mapping.def	package PUA U+F104; mapped to public Unicode; style-class solid
\faAngleRight	text	text	U+203A	angle-right			solid		lib-symb/fontawesome5/tex/latex/fontawesome5/fontawesome5-mapping.def	package PUA U+F105; mapped to public Unicode; style-class solid
\faAngleUp	text	text	U+2303	angle-up			solid		lib-symb/fontawesome5/tex/latex/fontawesome5/fontawesome5-mapping.def	package PUA U+F106; mapped to public Unicode; style-class solid
\faAngry	text	text	U+25A1	angry			solid		lib-symb/fontawesome5/tex/latex/fontawesome5/fontawesome5-mapping.def	package PUA U+F556; mapped to public Unicode; style-class solid
\faAngrycreative	text	text	U+25A1	angrycreative			solid		lib-symb/fontawesome5/tex/latex/fontawesome5/fontawesome5-mapping.def	package PUA U+F36E; mapped to public Unicode; style-class solid
\faAngular	text	text	U+25A1	angular			solid		lib-symb/fontawesome5/tex/latex/fontawesome5/fontawesome5-mapping.def	package PUA U+F420; mapped to public Unicode; style-class solid
\faAnkh	text	text	U+25A1	ankh			solid		lib-symb/fontawesome5/tex/latex/fontawesome5/fontawesome5-mapping.def	package PUA U+F644; mapped to public Unicode; style-class solid
\faAppStore	text	text	U+25A1	app-store			solid		lib-symb/fontawesome5/tex/latex/fontawesome5/fontawesome5-mapping.def	package PUA U+F36F; mapped to public Unicode; style-class solid
\faAppStoreIos	text	text	U+25A1	app-store-ios			solid		lib-symb/fontawesome5/tex/latex/fontawesome5/fontawesome5-mapping.def	package PUA U+F370; mapped to public Unicode; style-class solid
\faApper	text	text	U+25A1	apper			solid		lib-symb/fontawesome5/tex/latex/fontawesome5/fontawesome5-mapping.def	package PUA U+F371; mapped to public Unicode; style-class solid
\faApple	text	text	U+1F34E	apple			solid		lib-symb/fontawesome5/tex/latex/fontawesome5/fontawesome5-mapping.def	package PUA U+F179; mapped to public Unicode; style-class solid
\faApplePay	text	text	U+25A1	apple-pay			solid		lib-symb/fontawesome5/tex/latex/fontawesome5/fontawesome5-mapping.def	package PUA U+F415; mapped to public Unicode; style-class solid
\faArchive	text	text	U+1F4E6	archive			solid		lib-symb/fontawesome5/tex/latex/fontawesome5/fontawesome5-mapping.def	package PUA U+F187; mapped to public Unicode; style-class solid
\faArchway	text	text	U+25A1	archway			solid		lib-symb/fontawesome5/tex/latex/fontawesome5/fontawesome5-mapping.def	package PUA U+F557; mapped to public Unicode; style-class solid
\faArrowAltCircleDown	text	text	U+25A1	arrow-alt-circle-down			solid		lib-symb/fontawesome5/tex/latex/fontawesome5/fontawesome5-mapping.def	package PUA U+F358; mapped to public Unicode; style-class solid
\faArrowAltCircleLeft	text	text	U+21E6	arrow-alt-circle-left			solid		lib-symb/fontawesome5/tex/latex/fontawesome5/fontawesome5-mapping.def	package PUA U+F359; mapped to public Unicode; style-class solid
\faArrowAltCircleRight	text	text	U+21E8	arrow-alt-circle-right			solid		lib-symb/fontawesome5/tex/latex/fontawesome5/fontawesome5-mapping.def	package PUA U+F35A; mapped to public Unicode; style-class solid
\faArrowAltCircleUp	text	text	U+25A1	arrow-alt-circle-up			solid		lib-symb/fontawesome5/tex/latex/fontawesome5/fontawesome5-mapping.def	package PUA U+F35B; mapped to public Unicode; style-class solid
\faArrowCircleDown	text	text	U+25A1	arrow-circle-down			solid		lib-symb/fontawesome5/tex/latex/fontawesome5/fontawesome5-mapping.def	package PUA U+F0AB; mapped to public Unicode; style-class solid
\faArrowCircleLeft	text	text	U+21E6	arrow-circle-left			solid		lib-symb/fontawesome5/tex/latex/fontawesome5/fontawesome5-mapping.def	package PUA U+F0A8; mapped to public Unicode; style-class solid
\faArrowCircleRight	text	text	U+21E8	arrow-circle-right			solid		lib-symb/fontawesome5/tex/latex/fontawesome5/fontawesome5-mapping.def	package PUA U+F0A9; mapped to public Unicode; style-class solid
\faArrowCircleUp	text	text	U+25A1	arrow-circle-up			solid		lib-symb/fontawesome5/tex/latex/fontawesome5/fontawesome5-mapping.def	package PUA U+F0AA; mapped to public Unicode; style-class solid
\faArrowDown	text	text	U+2193	arrow-down			solid	\downarrow	lib-symb/fontawesome5/tex/latex/fontawesome5/fontawesome5-mapping.def	package PUA U+F063; mapped to public Unicode; style-class solid
\faArrowLeft	text	text	U+2190	arrow-left			solid		lib-symb/fontawesome5/tex/latex/fontawesome5/fontawesome5-mapping.def	package PUA U+F060; mapped to public Unicode; style-class solid
\faArrowRight	text	text	U+2192	arrow-right			solid		lib-symb/fontawesome5/tex/latex/fontawesome5/fontawesome5-mapping.def	package PUA U+F061; mapped to public Unicode; style-class solid
\faArrowUp	text	text	U+2191	arrow-up			solid	\uparrow	lib-symb/fontawesome5/tex/latex/fontawesome5/fontawesome5-mapping.def	package PUA U+F062; mapped to public Unicode; style-class solid
\faArrowsAltH	text	text	U+25A1	arrows-alt-h			solid		lib-symb/fontawesome5/tex/latex/fontawesome5/fontawesome5-mapping.def	package PUA U+F337; mapped to public Unicode; style-class solid
\faArrowsAltV	text	text	U+25A1	arrows-alt-v			solid		lib-symb/fontawesome5/tex/latex/fontawesome5/fontawesome5-mapping.def	package PUA U+F338; mapped to public Unicode; style-class solid
\faArtstation	text	text	U+25A1	artstation			solid		lib-symb/fontawesome5/tex/latex/fontawesome5/fontawesome5-mapping.def	package PUA U+F77A; mapped to public Unicode; style-class solid
\faAssistiveListeningSystems	text	text	U+25A1	assistive-listening-systems			solid		lib-symb/fontawesome5/tex/latex/fontawesome5/fontawesome5-mapping.def	package PUA U+F2A2; mapped to public Unicode; style-class solid
\faAsterisk	text	text	U+002A	asterisk			solid		lib-symb/fontawesome5/tex/latex/fontawesome5/fontawesome5-mapping.def	package PUA U+F069; mapped to public Unicode; style-class solid
\faAsymmetrik	text	text	U+25A1	asymmetrik			solid		lib-symb/fontawesome5/tex/latex/fontawesome5/fontawesome5-mapping.def	package PUA U+F372; mapped to public Unicode; style-class solid
\faAt	text	text	U+0040	at			solid		lib-symb/fontawesome5/tex/latex/fontawesome5/fontawesome5-mapping.def	package PUA U+F1FA; mapped to public Unicode; style-class solid
\faAtlas	text	text	U+25A1	atlas			solid		lib-symb/fontawesome5/tex/latex/fontawesome5/fontawesome5-mapping.def	package PUA U+F558; mapped to public Unicode; style-class solid
\faAtlassian	text	text	U+25A1	atlassian			solid		lib-symb/fontawesome5/tex/latex/fontawesome5/fontawesome5-mapping.def	package PUA U+F77B; mapped to public Unicode; style-class solid
\faAtom	text	text	U+25A1	atom			solid		lib-symb/fontawesome5/tex/latex/fontawesome5/fontawesome5-mapping.def	package PUA U+F5D2; mapped to public Unicode; style-class solid
\faAudible	text	text	U+25A1	audible			solid		lib-symb/fontawesome5/tex/latex/fontawesome5/fontawesome5-mapping.def	package PUA U+F373; mapped to public Unicode; style-class solid
\faAudioDescription	text	text	U+25A1	audio-description			solid		lib-symb/fontawesome5/tex/latex/fontawesome5/fontawesome5-mapping.def	package PUA U+F29E; mapped to public Unicode; style-class solid
\faAutoprefixer	text	text	U+25A1	autoprefixer			solid		lib-symb/fontawesome5/tex/latex/fontawesome5/fontawesome5-mapping.def	package PUA U+F41C; mapped to public Unicode; style-class solid
\faAvianex	text	text	U+25A1	avianex			solid		lib-symb/fontawesome5/tex/latex/fontawesome5/fontawesome5-mapping.def	package PUA U+F374; mapped to public Unicode; style-class solid
\faAviato	text	text	U+25A1	aviato			solid		lib-symb/fontawesome5/tex/latex/fontawesome5/fontawesome5-mapping.def	package PUA U+F421; mapped to public Unicode; style-class solid
\faAward	text	text	U+25A1	award			solid		lib-symb/fontawesome5/tex/latex/fontawesome5/fontawesome5-mapping.def	package PUA U+F559; mapped to public Unicode; style-class solid
\faAws	text	text	U+25A1	aws			solid		lib-symb/fontawesome5/tex/latex/fontawesome5/fontawesome5-mapping.def	package PUA U+F375; mapped to public Unicode; style-class solid
\faBaby	text	text	U+25A1	baby			solid		lib-symb/fontawesome5/tex/latex/fontawesome5/fontawesome5-mapping.def	package PUA U+F77C; mapped to public Unicode; style-class solid
\faBabyCarriage	text	text	U+25A1	baby-carriage			solid		lib-symb/fontawesome5/tex/latex/fontawesome5/fontawesome5-mapping.def	package PUA U+F77D; mapped to public Unicode; style-class solid
\faBackspace	text	text	U+25A1	backspace			solid		lib-symb/fontawesome5/tex/latex/fontawesome5/fontawesome5-mapping.def	package PUA U+F55A; mapped to public Unicode; style-class solid
\faBackward	text	text	U+23EA	backward			solid		lib-symb/fontawesome5/tex/latex/fontawesome5/fontawesome5-mapping.def	package PUA U+F04A; mapped to public Unicode; style-class solid
\faBacon	text	text	U+25A1	bacon			solid		lib-symb/fontawesome5/tex/latex/fontawesome5/fontawesome5-mapping.def	package PUA U+F7E5; mapped to public Unicode; style-class solid
\faBacteria	text	text	U+25A1	bacteria			solid		lib-symb/fontawesome5/tex/latex/fontawesome5/fontawesome5-mapping.def	package PUA U+E059; mapped to public Unicode; style-class solid
\faBacterium	text	text	U+25A1	bacterium			solid		lib-symb/fontawesome5/tex/latex/fontawesome5/fontawesome5-mapping.def	package PUA U+E05A; mapped to public Unicode; style-class solid
\faBahai	text	text	U+25A1	bahai			solid		lib-symb/fontawesome5/tex/latex/fontawesome5/fontawesome5-mapping.def	package PUA U+F666; mapped to public Unicode; style-class solid
\faBalanceScale	text	text	U+25A1	balance-scale			solid		lib-symb/fontawesome5/tex/latex/fontawesome5/fontawesome5-mapping.def	package PUA U+F24E; mapped to public Unicode; style-class solid
\faBalanceScaleLeft	text	text	U+25A1	balance-scale-left			solid		lib-symb/fontawesome5/tex/latex/fontawesome5/fontawesome5-mapping.def	package PUA U+F515; mapped to public Unicode; style-class solid
\faBalanceScaleRight	text	text	U+25A1	balance-scale-right			solid		lib-symb/fontawesome5/tex/latex/fontawesome5/fontawesome5-mapping.def	package PUA U+F516; mapped to public Unicode; style-class solid
\faBan	text	text	U+1F6AB	ban			solid		lib-symb/fontawesome5/tex/latex/fontawesome5/fontawesome5-mapping.def	package PUA U+F05E; mapped to public Unicode; style-class solid
\faBandAid	text	text	U+25A1	band-aid			solid		lib-symb/fontawesome5/tex/latex/fontawesome5/fontawesome5-mapping.def	package PUA U+F462; mapped to public Unicode; style-class solid
\faBandcamp	text	text	U+25A1	bandcamp			solid		lib-symb/fontawesome5/tex/latex/fontawesome5/fontawesome5-mapping.def	package PUA U+F2D5; mapped to public Unicode; style-class solid
\faBarcode	text	text	U+1F4F6	barcode			solid		lib-symb/fontawesome5/tex/latex/fontawesome5/fontawesome5-mapping.def	package PUA U+F02A; mapped to public Unicode; style-class solid
\faBars	text	text	U+2630	bars			solid		lib-symb/fontawesome5/tex/latex/fontawesome5/fontawesome5-mapping.def	package PUA U+F0C9; mapped to public Unicode; style-class solid
\faBaseballBall	text	text	U+25A1	baseball-ball			solid		lib-symb/fontawesome5/tex/latex/fontawesome5/fontawesome5-mapping.def	package PUA U+F433; mapped to public Unicode; style-class solid
\faBasketballBall	text	text	U+25A1	basketball-ball			solid		lib-symb/fontawesome5/tex/latex/fontawesome5/fontawesome5-mapping.def	package PUA U+F434; mapped to public Unicode; style-class solid
\faBath	text	text	U+25A1	bath			solid		lib-symb/fontawesome5/tex/latex/fontawesome5/fontawesome5-mapping.def	package PUA U+F2CD; mapped to public Unicode; style-class solid
\faBatteryEmpty	text	text	U+25A1	battery-empty			solid		lib-symb/fontawesome5/tex/latex/fontawesome5/fontawesome5-mapping.def	package PUA U+F244; mapped to public Unicode; style-class solid
\faBatteryFull	text	text	U+25A1	battery-full			solid		lib-symb/fontawesome5/tex/latex/fontawesome5/fontawesome5-mapping.def	package PUA U+F240; mapped to public Unicode; style-class solid
\faBatteryHalf	text	text	U+25A1	battery-half			solid		lib-symb/fontawesome5/tex/latex/fontawesome5/fontawesome5-mapping.def	package PUA U+F242; mapped to public Unicode; style-class solid
\faBatteryQuarter	text	text	U+25A1	battery-quarter			solid		lib-symb/fontawesome5/tex/latex/fontawesome5/fontawesome5-mapping.def	package PUA U+F243; mapped to public Unicode; style-class solid
\faBatteryThreeQuarters	text	text	U+25A1	battery-three-quarters			solid		lib-symb/fontawesome5/tex/latex/fontawesome5/fontawesome5-mapping.def	package PUA U+F241; mapped to public Unicode; style-class solid
\faBattleNet	text	text	U+25A1	battle-net			solid		lib-symb/fontawesome5/tex/latex/fontawesome5/fontawesome5-mapping.def	package PUA U+F835; mapped to public Unicode; style-class solid
\faBed	text	text	U+1F6CC	bed			solid		lib-symb/fontawesome5/tex/latex/fontawesome5/fontawesome5-mapping.def	package PUA U+F236; mapped to public Unicode; style-class solid
\faBeer	text	text	U+1F37A	beer			solid		lib-symb/fontawesome5/tex/latex/fontawesome5/fontawesome5-mapping.def	package PUA U+F0FC; mapped to public Unicode; style-class solid
\faBehance	text	text	U+25A1	behance			solid		lib-symb/fontawesome5/tex/latex/fontawesome5/fontawesome5-mapping.def	package PUA U+F1B4; mapped to public Unicode; style-class solid
\faBehanceSquare	text	text	U+25A1	behance-square			solid		lib-symb/fontawesome5/tex/latex/fontawesome5/fontawesome5-mapping.def	package PUA U+F1B5; mapped to public Unicode; style-class solid
\faBell	text	text	U+1F514	bell			solid		lib-symb/fontawesome5/tex/latex/fontawesome5/fontawesome5-mapping.def	package PUA U+F0F3; mapped to public Unicode; style-class solid
\faBellSlash	text	text	U+25A1	bell-slash			solid		lib-symb/fontawesome5/tex/latex/fontawesome5/fontawesome5-mapping.def	package PUA U+F1F6; mapped to public Unicode; style-class solid
\faBezierCurve	text	text	U+25A1	bezier-curve			solid		lib-symb/fontawesome5/tex/latex/fontawesome5/fontawesome5-mapping.def	package PUA U+F55B; mapped to public Unicode; style-class solid
\faBible	text	text	U+25A1	bible			solid		lib-symb/fontawesome5/tex/latex/fontawesome5/fontawesome5-mapping.def	package PUA U+F647; mapped to public Unicode; style-class solid
\faBicycle	text	text	U+1F6B2	bicycle			solid		lib-symb/fontawesome5/tex/latex/fontawesome5/fontawesome5-mapping.def	package PUA U+F206; mapped to public Unicode; style-class solid
\faBiking	text	text	U+25A1	biking			solid		lib-symb/fontawesome5/tex/latex/fontawesome5/fontawesome5-mapping.def	package PUA U+F84A; mapped to public Unicode; style-class solid
\faBimobject	text	text	U+25A1	bimobject			solid		lib-symb/fontawesome5/tex/latex/fontawesome5/fontawesome5-mapping.def	package PUA U+F378; mapped to public Unicode; style-class solid
\faBinoculars	text	text	U+1F50D	binoculars			solid		lib-symb/fontawesome5/tex/latex/fontawesome5/fontawesome5-mapping.def	package PUA U+F1E5; mapped to public Unicode; style-class solid
\faBiohazard	text	text	U+25A1	biohazard			solid		lib-symb/fontawesome5/tex/latex/fontawesome5/fontawesome5-mapping.def	package PUA U+F780; mapped to public Unicode; style-class solid
\faBirthdayCake	text	text	U+1F382	birthday-cake			solid		lib-symb/fontawesome5/tex/latex/fontawesome5/fontawesome5-mapping.def	package PUA U+F1FD; mapped to public Unicode; style-class solid
\faBitbucket	text	text	U+25A1	bitbucket			solid		lib-symb/fontawesome5/tex/latex/fontawesome5/fontawesome5-mapping.def	package PUA U+F171; mapped to public Unicode; style-class solid
\faBitcoin	text	text	U+20BF	bitcoin			solid		lib-symb/fontawesome5/tex/latex/fontawesome5/fontawesome5-mapping.def	package PUA U+F379; mapped to public Unicode; style-class solid
\faBity	text	text	U+25A1	bity			solid		lib-symb/fontawesome5/tex/latex/fontawesome5/fontawesome5-mapping.def	package PUA U+F37A; mapped to public Unicode; style-class solid
\faBlackTie	text	text	U+25A1	black-tie			solid		lib-symb/fontawesome5/tex/latex/fontawesome5/fontawesome5-mapping.def	package PUA U+F27E; mapped to public Unicode; style-class solid
\faBlackberry	text	text	U+25A1	blackberry			solid		lib-symb/fontawesome5/tex/latex/fontawesome5/fontawesome5-mapping.def	package PUA U+F37B; mapped to public Unicode; style-class solid
\faBlender	text	text	U+25A1	blender			solid		lib-symb/fontawesome5/tex/latex/fontawesome5/fontawesome5-mapping.def	package PUA U+F517; mapped to public Unicode; style-class solid
\faBlenderPhone	text	text	U+25A1	blender-phone			solid		lib-symb/fontawesome5/tex/latex/fontawesome5/fontawesome5-mapping.def	package PUA U+F6B6; mapped to public Unicode; style-class solid
\faBlind	text	text	U+25A1	blind			solid		lib-symb/fontawesome5/tex/latex/fontawesome5/fontawesome5-mapping.def	package PUA U+F29D; mapped to public Unicode; style-class solid
\faBlog	text	text	U+25A1	blog			solid		lib-symb/fontawesome5/tex/latex/fontawesome5/fontawesome5-mapping.def	package PUA U+F781; mapped to public Unicode; style-class solid
\faBlogger	text	text	U+25A1	blogger			solid		lib-symb/fontawesome5/tex/latex/fontawesome5/fontawesome5-mapping.def	package PUA U+F37C; mapped to public Unicode; style-class solid
\faBloggerB	text	text	U+25A1	blogger-b			solid		lib-symb/fontawesome5/tex/latex/fontawesome5/fontawesome5-mapping.def	package PUA U+F37D; mapped to public Unicode; style-class solid
\faBluetooth	text	text	U+25A1	bluetooth			solid		lib-symb/fontawesome5/tex/latex/fontawesome5/fontawesome5-mapping.def	package PUA U+F293; mapped to public Unicode; style-class solid
\faBluetoothB	text	text	U+25A1	bluetooth-b			solid		lib-symb/fontawesome5/tex/latex/fontawesome5/fontawesome5-mapping.def	package PUA U+F294; mapped to public Unicode; style-class solid
\faBold	text	text	U+1D401	bold			solid		lib-symb/fontawesome5/tex/latex/fontawesome5/fontawesome5-mapping.def	package PUA U+F032; mapped to public Unicode; style-class solid
\faBolt	text	text	U+26A1	bolt			solid		lib-symb/fontawesome5/tex/latex/fontawesome5/fontawesome5-mapping.def	package PUA U+F0E7; mapped to public Unicode; style-class solid
\faBomb	text	text	U+1F4A3	bomb			solid		lib-symb/fontawesome5/tex/latex/fontawesome5/fontawesome5-mapping.def	package PUA U+F1E2; mapped to public Unicode; style-class solid
\faBone	text	text	U+25A1	bone			solid		lib-symb/fontawesome5/tex/latex/fontawesome5/fontawesome5-mapping.def	package PUA U+F5D7; mapped to public Unicode; style-class solid
\faBong	text	text	U+25A1	bong			solid		lib-symb/fontawesome5/tex/latex/fontawesome5/fontawesome5-mapping.def	package PUA U+F55C; mapped to public Unicode; style-class solid
\faBook	text	text	U+1F4D6	book			solid		lib-symb/fontawesome5/tex/latex/fontawesome5/fontawesome5-mapping.def	package PUA U+F02D; mapped to public Unicode; style-class solid
\faBookDead	text	text	U+25A1	book-dead			solid		lib-symb/fontawesome5/tex/latex/fontawesome5/fontawesome5-mapping.def	package PUA U+F6B7; mapped to public Unicode; style-class solid
\faBookMedical	text	text	U+25A1	book-medical			solid		lib-symb/fontawesome5/tex/latex/fontawesome5/fontawesome5-mapping.def	package PUA U+F7E6; mapped to public Unicode; style-class solid
\faBookOpen	text	text	U+25A1	book-open			solid		lib-symb/fontawesome5/tex/latex/fontawesome5/fontawesome5-mapping.def	package PUA U+F518; mapped to public Unicode; style-class solid
\faBookReader	text	text	U+25A1	book-reader			solid		lib-symb/fontawesome5/tex/latex/fontawesome5/fontawesome5-mapping.def	package PUA U+F5DA; mapped to public Unicode; style-class solid
\faBookmark	text	text	U+1F516	bookmark			solid		lib-symb/fontawesome5/tex/latex/fontawesome5/fontawesome5-mapping.def	package PUA U+F02E; mapped to public Unicode; style-class solid
\faBootstrap	text	text	U+25A1	bootstrap			solid		lib-symb/fontawesome5/tex/latex/fontawesome5/fontawesome5-mapping.def	package PUA U+F836; mapped to public Unicode; style-class solid
\faBorderAll	text	text	U+25A1	border-all			solid		lib-symb/fontawesome5/tex/latex/fontawesome5/fontawesome5-mapping.def	package PUA U+F84C; mapped to public Unicode; style-class solid
\faBorderNone	text	text	U+25A1	border-none			solid		lib-symb/fontawesome5/tex/latex/fontawesome5/fontawesome5-mapping.def	package PUA U+F850; mapped to public Unicode; style-class solid
\faBorderStyle	text	text	U+25A1	border-style			solid		lib-symb/fontawesome5/tex/latex/fontawesome5/fontawesome5-mapping.def	package PUA U+F853; mapped to public Unicode; style-class solid
\faBowlingBall	text	text	U+25A1	bowling-ball			solid		lib-symb/fontawesome5/tex/latex/fontawesome5/fontawesome5-mapping.def	package PUA U+F436; mapped to public Unicode; style-class solid
\faBox	text	text	U+25A1	box			solid		lib-symb/fontawesome5/tex/latex/fontawesome5/fontawesome5-mapping.def	package PUA U+F466; mapped to public Unicode; style-class solid
\faBoxOpen	text	text	U+25A1	box-open			solid		lib-symb/fontawesome5/tex/latex/fontawesome5/fontawesome5-mapping.def	package PUA U+F49E; mapped to public Unicode; style-class solid
\faBoxTissue	text	text	U+25A1	box-tissue			solid		lib-symb/fontawesome5/tex/latex/fontawesome5/fontawesome5-mapping.def	package PUA U+E05B; mapped to public Unicode; style-class solid
\faBoxes	text	text	U+25A1	boxes			solid		lib-symb/fontawesome5/tex/latex/fontawesome5/fontawesome5-mapping.def	package PUA U+F468; mapped to public Unicode; style-class solid
\faBraille	text	text	U+25A1	braille			solid		lib-symb/fontawesome5/tex/latex/fontawesome5/fontawesome5-mapping.def	package PUA U+F2A1; mapped to public Unicode; style-class solid
\faBrain	text	text	U+25A1	brain			solid		lib-symb/fontawesome5/tex/latex/fontawesome5/fontawesome5-mapping.def	package PUA U+F5DC; mapped to public Unicode; style-class solid
\faBreadSlice	text	text	U+25A1	bread-slice			solid		lib-symb/fontawesome5/tex/latex/fontawesome5/fontawesome5-mapping.def	package PUA U+F7EC; mapped to public Unicode; style-class solid
\faBriefcase	text	text	U+1F4BC	briefcase			solid		lib-symb/fontawesome5/tex/latex/fontawesome5/fontawesome5-mapping.def	package PUA U+F0B1; mapped to public Unicode; style-class solid
\faBriefcaseMedical	text	text	U+25A1	briefcase-medical			solid		lib-symb/fontawesome5/tex/latex/fontawesome5/fontawesome5-mapping.def	package PUA U+F469; mapped to public Unicode; style-class solid
\faBroadcastTower	text	text	U+25A1	broadcast-tower			solid		lib-symb/fontawesome5/tex/latex/fontawesome5/fontawesome5-mapping.def	package PUA U+F519; mapped to public Unicode; style-class solid
\faBroom	text	text	U+25A1	broom			solid		lib-symb/fontawesome5/tex/latex/fontawesome5/fontawesome5-mapping.def	package PUA U+F51A; mapped to public Unicode; style-class solid
\faBrush	text	text	U+25A1	brush			solid		lib-symb/fontawesome5/tex/latex/fontawesome5/fontawesome5-mapping.def	package PUA U+F55D; mapped to public Unicode; style-class solid
\faBtc	text	text	U+25A1	btc			solid		lib-symb/fontawesome5/tex/latex/fontawesome5/fontawesome5-mapping.def	package PUA U+F15A; mapped to public Unicode; style-class solid
\faBuffer	text	text	U+25A1	buffer			solid		lib-symb/fontawesome5/tex/latex/fontawesome5/fontawesome5-mapping.def	package PUA U+F837; mapped to public Unicode; style-class solid
\faBug	text	text	U+1F41B	bug			solid		lib-symb/fontawesome5/tex/latex/fontawesome5/fontawesome5-mapping.def	package PUA U+F188; mapped to public Unicode; style-class solid
\faBuilding	text	text	U+1F3E2	building			solid		lib-symb/fontawesome5/tex/latex/fontawesome5/fontawesome5-mapping.def	package PUA U+F1AD; mapped to public Unicode; style-class solid
\faBullhorn	text	text	U+1F4E2	bullhorn			solid		lib-symb/fontawesome5/tex/latex/fontawesome5/fontawesome5-mapping.def	package PUA U+F0A1; mapped to public Unicode; style-class solid
\faBullseye	text	text	U+25A1	bullseye			solid		lib-symb/fontawesome5/tex/latex/fontawesome5/fontawesome5-mapping.def	package PUA U+F140; mapped to public Unicode; style-class solid
\faBurn	text	text	U+25A1	burn			solid		lib-symb/fontawesome5/tex/latex/fontawesome5/fontawesome5-mapping.def	package PUA U+F46A; mapped to public Unicode; style-class solid
\faBuromobelexperte	text	text	U+25A1	buromobelexperte			solid		lib-symb/fontawesome5/tex/latex/fontawesome5/fontawesome5-mapping.def	package PUA U+F37F; mapped to public Unicode; style-class solid
\faBus	text	text	U+1F68C	bus			solid		lib-symb/fontawesome5/tex/latex/fontawesome5/fontawesome5-mapping.def	package PUA U+F207; mapped to public Unicode; style-class solid
\faBusinessTime	text	text	U+25A1	business-time			solid		lib-symb/fontawesome5/tex/latex/fontawesome5/fontawesome5-mapping.def	package PUA U+F64A; mapped to public Unicode; style-class solid
\faBuyNLarge	text	text	U+25A1	buy-n-large			solid		lib-symb/fontawesome5/tex/latex/fontawesome5/fontawesome5-mapping.def	package PUA U+F8A6; mapped to public Unicode; style-class solid
\faBuysellads	text	text	U+25A1	buysellads			solid		lib-symb/fontawesome5/tex/latex/fontawesome5/fontawesome5-mapping.def	package PUA U+F20D; mapped to public Unicode; style-class solid
\faCalculator	text	text	U+1F5A9	calculator			solid		lib-symb/fontawesome5/tex/latex/fontawesome5/fontawesome5-mapping.def	package PUA U+F1EC; mapped to public Unicode; style-class solid
\faCalendar	text	text	U+1F4C5	calendar			solid		lib-symb/fontawesome5/tex/latex/fontawesome5/fontawesome5-mapping.def	package PUA U+F133; mapped to public Unicode; style-class solid
\faCalendarCheck	text	text	U+25A1	calendar-check			solid		lib-symb/fontawesome5/tex/latex/fontawesome5/fontawesome5-mapping.def	package PUA U+F274; mapped to public Unicode; style-class solid
\faCalendarDay	text	text	U+25A1	calendar-day			solid		lib-symb/fontawesome5/tex/latex/fontawesome5/fontawesome5-mapping.def	package PUA U+F783; mapped to public Unicode; style-class solid
\faCalendarMinus	text	text	U+25A1	calendar-minus			solid		lib-symb/fontawesome5/tex/latex/fontawesome5/fontawesome5-mapping.def	package PUA U+F272; mapped to public Unicode; style-class solid
\faCalendarPlus	text	text	U+25A1	calendar-plus			solid		lib-symb/fontawesome5/tex/latex/fontawesome5/fontawesome5-mapping.def	package PUA U+F271; mapped to public Unicode; style-class solid
\faCalendarTimes	text	text	U+25A1	calendar-times			solid		lib-symb/fontawesome5/tex/latex/fontawesome5/fontawesome5-mapping.def	package PUA U+F273; mapped to public Unicode; style-class solid
\faCalendarWeek	text	text	U+25A1	calendar-week			solid		lib-symb/fontawesome5/tex/latex/fontawesome5/fontawesome5-mapping.def	package PUA U+F784; mapped to public Unicode; style-class solid
\faCamera	text	text	U+1F4F7	camera			solid		lib-symb/fontawesome5/tex/latex/fontawesome5/fontawesome5-mapping.def	package PUA U+F030; mapped to public Unicode; style-class solid
\faCameraRetro	text	text	U+25A1	camera-retro			solid		lib-symb/fontawesome5/tex/latex/fontawesome5/fontawesome5-mapping.def	package PUA U+F083; mapped to public Unicode; style-class solid
\faCampground	text	text	U+25A1	campground			solid		lib-symb/fontawesome5/tex/latex/fontawesome5/fontawesome5-mapping.def	package PUA U+F6BB; mapped to public Unicode; style-class solid
\faCanadianMapleLeaf	text	text	U+25A1	canadian-maple-leaf			solid		lib-symb/fontawesome5/tex/latex/fontawesome5/fontawesome5-mapping.def	package PUA U+F785; mapped to public Unicode; style-class solid
\faCandyCane	text	text	U+25A1	candy-cane			solid		lib-symb/fontawesome5/tex/latex/fontawesome5/fontawesome5-mapping.def	package PUA U+F786; mapped to public Unicode; style-class solid
\faCannabis	text	text	U+25A1	cannabis			solid		lib-symb/fontawesome5/tex/latex/fontawesome5/fontawesome5-mapping.def	package PUA U+F55F; mapped to public Unicode; style-class solid
\faCapsules	text	text	U+25A1	capsules			solid		lib-symb/fontawesome5/tex/latex/fontawesome5/fontawesome5-mapping.def	package PUA U+F46B; mapped to public Unicode; style-class solid
\faCar	text	text	U+1F697	car			solid		lib-symb/fontawesome5/tex/latex/fontawesome5/fontawesome5-mapping.def	package PUA U+F1B9; mapped to public Unicode; style-class solid
\faCarBattery	text	text	U+25A1	car-battery			solid		lib-symb/fontawesome5/tex/latex/fontawesome5/fontawesome5-mapping.def	package PUA U+F5DF; mapped to public Unicode; style-class solid
\faCarCrash	text	text	U+25A1	car-crash			solid		lib-symb/fontawesome5/tex/latex/fontawesome5/fontawesome5-mapping.def	package PUA U+F5E1; mapped to public Unicode; style-class solid
\faCarSide	text	text	U+25A1	car-side			solid		lib-symb/fontawesome5/tex/latex/fontawesome5/fontawesome5-mapping.def	package PUA U+F5E4; mapped to public Unicode; style-class solid
\faCaravan	text	text	U+25A1	caravan			solid		lib-symb/fontawesome5/tex/latex/fontawesome5/fontawesome5-mapping.def	package PUA U+F8FF; mapped to public Unicode; style-class solid
\faCaretDown	text	text	U+25BC	caret-down			solid	\blacktriangledown	lib-symb/fontawesome5/tex/latex/fontawesome5/fontawesome5-mapping.def	package PUA U+F0D7; mapped to public Unicode; style-class solid
\faCaretLeft	text	text	U+25C0	caret-left			solid	\blacktriangleleft	lib-symb/fontawesome5/tex/latex/fontawesome5/fontawesome5-mapping.def	package PUA U+F0D9; mapped to public Unicode; style-class solid
\faCaretRight	text	text	U+25B6	caret-right			solid	\blacktriangleright	lib-symb/fontawesome5/tex/latex/fontawesome5/fontawesome5-mapping.def	package PUA U+F0DA; mapped to public Unicode; style-class solid
\faCaretSquareDown	text	text	U+25A1	caret-square-down			solid		lib-symb/fontawesome5/tex/latex/fontawesome5/fontawesome5-mapping.def	package PUA U+F150; mapped to public Unicode; style-class solid
\faCaretSquareLeft	text	text	U+25A1	caret-square-left			solid		lib-symb/fontawesome5/tex/latex/fontawesome5/fontawesome5-mapping.def	package PUA U+F191; mapped to public Unicode; style-class solid
\faCaretSquareRight	text	text	U+25A1	caret-square-right			solid		lib-symb/fontawesome5/tex/latex/fontawesome5/fontawesome5-mapping.def	package PUA U+F152; mapped to public Unicode; style-class solid
\faCaretSquareUp	text	text	U+25A1	caret-square-up			solid		lib-symb/fontawesome5/tex/latex/fontawesome5/fontawesome5-mapping.def	package PUA U+F151; mapped to public Unicode; style-class solid
\faCaretUp	text	text	U+25B2	caret-up			solid	\blacktriangle	lib-symb/fontawesome5/tex/latex/fontawesome5/fontawesome5-mapping.def	package PUA U+F0D8; mapped to public Unicode; style-class solid
\faCarrot	text	text	U+25A1	carrot			solid		lib-symb/fontawesome5/tex/latex/fontawesome5/fontawesome5-mapping.def	package PUA U+F787; mapped to public Unicode; style-class solid
\faCartArrowDown	text	text	U+25A1	cart-arrow-down			solid		lib-symb/fontawesome5/tex/latex/fontawesome5/fontawesome5-mapping.def	package PUA U+F218; mapped to public Unicode; style-class solid
\faCartPlus	text	text	U+25A1	cart-plus			solid		lib-symb/fontawesome5/tex/latex/fontawesome5/fontawesome5-mapping.def	package PUA U+F217; mapped to public Unicode; style-class solid
\faCashRegister	text	text	U+25A1	cash-register			solid		lib-symb/fontawesome5/tex/latex/fontawesome5/fontawesome5-mapping.def	package PUA U+F788; mapped to public Unicode; style-class solid
\faCat	text	text	U+25A1	cat			solid		lib-symb/fontawesome5/tex/latex/fontawesome5/fontawesome5-mapping.def	package PUA U+F6BE; mapped to public Unicode; style-class solid
\faCcAmazonPay	text	text	U+25A1	cc-amazon-pay			solid		lib-symb/fontawesome5/tex/latex/fontawesome5/fontawesome5-mapping.def	package PUA U+F42D; mapped to public Unicode; style-class solid
\faCcAmex	text	text	U+25A1	cc-amex			solid		lib-symb/fontawesome5/tex/latex/fontawesome5/fontawesome5-mapping.def	package PUA U+F1F3; mapped to public Unicode; style-class solid
\faCcApplePay	text	text	U+25A1	cc-apple-pay			solid		lib-symb/fontawesome5/tex/latex/fontawesome5/fontawesome5-mapping.def	package PUA U+F416; mapped to public Unicode; style-class solid
\faCcDinersClub	text	text	U+25A1	cc-diners-club			solid		lib-symb/fontawesome5/tex/latex/fontawesome5/fontawesome5-mapping.def	package PUA U+F24C; mapped to public Unicode; style-class solid
\faCcDiscover	text	text	U+25A1	cc-discover			solid		lib-symb/fontawesome5/tex/latex/fontawesome5/fontawesome5-mapping.def	package PUA U+F1F2; mapped to public Unicode; style-class solid
\faCcJcb	text	text	U+25A1	cc-jcb			solid		lib-symb/fontawesome5/tex/latex/fontawesome5/fontawesome5-mapping.def	package PUA U+F24B; mapped to public Unicode; style-class solid
\faCcMastercard	text	text	U+25A1	cc-mastercard			solid		lib-symb/fontawesome5/tex/latex/fontawesome5/fontawesome5-mapping.def	package PUA U+F1F1; mapped to public Unicode; style-class solid
\faCcPaypal	text	text	U+25A1	cc-paypal			solid		lib-symb/fontawesome5/tex/latex/fontawesome5/fontawesome5-mapping.def	package PUA U+F1F4; mapped to public Unicode; style-class solid
\faCcStripe	text	text	U+25A1	cc-stripe			solid		lib-symb/fontawesome5/tex/latex/fontawesome5/fontawesome5-mapping.def	package PUA U+F1F5; mapped to public Unicode; style-class solid
\faCcVisa	text	text	U+25A1	cc-visa			solid		lib-symb/fontawesome5/tex/latex/fontawesome5/fontawesome5-mapping.def	package PUA U+F1F0; mapped to public Unicode; style-class solid
\faCentercode	text	text	U+25A1	centercode			solid		lib-symb/fontawesome5/tex/latex/fontawesome5/fontawesome5-mapping.def	package PUA U+F380; mapped to public Unicode; style-class solid
\faCentos	text	text	U+25A1	centos			solid		lib-symb/fontawesome5/tex/latex/fontawesome5/fontawesome5-mapping.def	package PUA U+F789; mapped to public Unicode; style-class solid
\faCertificate	text	text	U+1F4DC	certificate			solid		lib-symb/fontawesome5/tex/latex/fontawesome5/fontawesome5-mapping.def	package PUA U+F0A3; mapped to public Unicode; style-class solid
\faChair	text	text	U+25A1	chair			solid		lib-symb/fontawesome5/tex/latex/fontawesome5/fontawesome5-mapping.def	package PUA U+F6C0; mapped to public Unicode; style-class solid
\faChalkboard	text	text	U+25A1	chalkboard			solid		lib-symb/fontawesome5/tex/latex/fontawesome5/fontawesome5-mapping.def	package PUA U+F51B; mapped to public Unicode; style-class solid
\faChalkboardTeacher	text	text	U+25A1	chalkboard-teacher			solid		lib-symb/fontawesome5/tex/latex/fontawesome5/fontawesome5-mapping.def	package PUA U+F51C; mapped to public Unicode; style-class solid
\faChargingStation	text	text	U+25A1	charging-station			solid		lib-symb/fontawesome5/tex/latex/fontawesome5/fontawesome5-mapping.def	package PUA U+F5E7; mapped to public Unicode; style-class solid
\faChartArea	text	text	U+25A1	chart-area			solid		lib-symb/fontawesome5/tex/latex/fontawesome5/fontawesome5-mapping.def	package PUA U+F1FE; mapped to public Unicode; style-class solid
\faChartBar	text	text	U+1F4CA	chart-bar			solid		lib-symb/fontawesome5/tex/latex/fontawesome5/fontawesome5-mapping.def	package PUA U+F080; mapped to public Unicode; style-class solid
\faChartLine	text	text	U+25A1	chart-line			solid		lib-symb/fontawesome5/tex/latex/fontawesome5/fontawesome5-mapping.def	package PUA U+F201; mapped to public Unicode; style-class solid
\faChartPie	text	text	U+25A1	chart-pie			solid		lib-symb/fontawesome5/tex/latex/fontawesome5/fontawesome5-mapping.def	package PUA U+F200; mapped to public Unicode; style-class solid
\faCheck	text	text	U+2713	check			solid		lib-symb/fontawesome5/tex/latex/fontawesome5/fontawesome5-mapping.def	package PUA U+F00C; mapped to public Unicode; style-class solid
\faCheckCircle	text	text	U+2705	check-circle			solid		lib-symb/fontawesome5/tex/latex/fontawesome5/fontawesome5-mapping.def	package PUA U+F058; mapped to public Unicode; style-class solid
\faCheckDouble	text	text	U+25A1	check-double			solid		lib-symb/fontawesome5/tex/latex/fontawesome5/fontawesome5-mapping.def	package PUA U+F560; mapped to public Unicode; style-class solid
\faCheckSquare	text	text	U+2611	check-square			solid		lib-symb/fontawesome5/tex/latex/fontawesome5/fontawesome5-mapping.def	package PUA U+F14A; mapped to public Unicode; style-class solid
\faCheese	text	text	U+25A1	cheese			solid		lib-symb/fontawesome5/tex/latex/fontawesome5/fontawesome5-mapping.def	package PUA U+F7EF; mapped to public Unicode; style-class solid
\faChess	text	text	U+25A1	chess			solid		lib-symb/fontawesome5/tex/latex/fontawesome5/fontawesome5-mapping.def	package PUA U+F439; mapped to public Unicode; style-class solid
\faChessBishop	text	text	U+25A1	chess-bishop			solid		lib-symb/fontawesome5/tex/latex/fontawesome5/fontawesome5-mapping.def	package PUA U+F43A; mapped to public Unicode; style-class solid
\faChessBoard	text	text	U+25A1	chess-board			solid		lib-symb/fontawesome5/tex/latex/fontawesome5/fontawesome5-mapping.def	package PUA U+F43C; mapped to public Unicode; style-class solid
\faChessKing	text	text	U+25A1	chess-king			solid		lib-symb/fontawesome5/tex/latex/fontawesome5/fontawesome5-mapping.def	package PUA U+F43F; mapped to public Unicode; style-class solid
\faChessKnight	text	text	U+25A1	chess-knight			solid		lib-symb/fontawesome5/tex/latex/fontawesome5/fontawesome5-mapping.def	package PUA U+F441; mapped to public Unicode; style-class solid
\faChessPawn	text	text	U+25A1	chess-pawn			solid		lib-symb/fontawesome5/tex/latex/fontawesome5/fontawesome5-mapping.def	package PUA U+F443; mapped to public Unicode; style-class solid
\faChessQueen	text	text	U+25A1	chess-queen			solid		lib-symb/fontawesome5/tex/latex/fontawesome5/fontawesome5-mapping.def	package PUA U+F445; mapped to public Unicode; style-class solid
\faChessRook	text	text	U+25A1	chess-rook			solid		lib-symb/fontawesome5/tex/latex/fontawesome5/fontawesome5-mapping.def	package PUA U+F447; mapped to public Unicode; style-class solid
\faChevronCircleDown	text	text	U+25A1	chevron-circle-down			solid		lib-symb/fontawesome5/tex/latex/fontawesome5/fontawesome5-mapping.def	package PUA U+F13A; mapped to public Unicode; style-class solid
\faChevronCircleLeft	text	text	U+25A1	chevron-circle-left			solid		lib-symb/fontawesome5/tex/latex/fontawesome5/fontawesome5-mapping.def	package PUA U+F137; mapped to public Unicode; style-class solid
\faChevronCircleRight	text	text	U+25A1	chevron-circle-right			solid		lib-symb/fontawesome5/tex/latex/fontawesome5/fontawesome5-mapping.def	package PUA U+F138; mapped to public Unicode; style-class solid
\faChevronCircleUp	text	text	U+25A1	chevron-circle-up			solid		lib-symb/fontawesome5/tex/latex/fontawesome5/fontawesome5-mapping.def	package PUA U+F139; mapped to public Unicode; style-class solid
\faChevronDown	text	text	U+2304	chevron-down			solid		lib-symb/fontawesome5/tex/latex/fontawesome5/fontawesome5-mapping.def	package PUA U+F078; mapped to public Unicode; style-class solid
\faChevronLeft	text	text	U+2039	chevron-left			solid		lib-symb/fontawesome5/tex/latex/fontawesome5/fontawesome5-mapping.def	package PUA U+F053; mapped to public Unicode; style-class solid
\faChevronRight	text	text	U+203A	chevron-right			solid		lib-symb/fontawesome5/tex/latex/fontawesome5/fontawesome5-mapping.def	package PUA U+F054; mapped to public Unicode; style-class solid
\faChevronUp	text	text	U+2303	chevron-up			solid		lib-symb/fontawesome5/tex/latex/fontawesome5/fontawesome5-mapping.def	package PUA U+F077; mapped to public Unicode; style-class solid
\faChild	text	text	U+1F9D2	child			solid		lib-symb/fontawesome5/tex/latex/fontawesome5/fontawesome5-mapping.def	package PUA U+F1AE; mapped to public Unicode; style-class solid
\faChrome	text	text	U+25A1	chrome			solid		lib-symb/fontawesome5/tex/latex/fontawesome5/fontawesome5-mapping.def	package PUA U+F268; mapped to public Unicode; style-class solid
\faChromecast	text	text	U+25A1	chromecast			solid		lib-symb/fontawesome5/tex/latex/fontawesome5/fontawesome5-mapping.def	package PUA U+F838; mapped to public Unicode; style-class solid
\faChurch	text	text	U+25A1	church			solid		lib-symb/fontawesome5/tex/latex/fontawesome5/fontawesome5-mapping.def	package PUA U+F51D; mapped to public Unicode; style-class solid
\faCircle	text	text	U+25CF	circle			solid		lib-symb/fontawesome5/tex/latex/fontawesome5/fontawesome5-mapping.def	package PUA U+F111; mapped to public Unicode; style-class solid
\faCircleNotch	text	text	U+25A1	circle-notch			solid		lib-symb/fontawesome5/tex/latex/fontawesome5/fontawesome5-mapping.def	package PUA U+F1CE; mapped to public Unicode; style-class solid
\faCity	text	text	U+25A1	city			solid		lib-symb/fontawesome5/tex/latex/fontawesome5/fontawesome5-mapping.def	package PUA U+F64F; mapped to public Unicode; style-class solid
\faClinicMedical	text	text	U+25A1	clinic-medical			solid		lib-symb/fontawesome5/tex/latex/fontawesome5/fontawesome5-mapping.def	package PUA U+F7F2; mapped to public Unicode; style-class solid
\faClipboard	text	text	U+1F4CB	clipboard			solid		lib-symb/fontawesome5/tex/latex/fontawesome5/fontawesome5-mapping.def	package PUA U+F328; mapped to public Unicode; style-class solid
\faClipboardCheck	text	text	U+25A1	clipboard-check			solid		lib-symb/fontawesome5/tex/latex/fontawesome5/fontawesome5-mapping.def	package PUA U+F46C; mapped to public Unicode; style-class solid
\faClipboardList	text	text	U+25A1	clipboard-list			solid		lib-symb/fontawesome5/tex/latex/fontawesome5/fontawesome5-mapping.def	package PUA U+F46D; mapped to public Unicode; style-class solid
\faClock	text	text	U+1F550	clock			solid		lib-symb/fontawesome5/tex/latex/fontawesome5/fontawesome5-mapping.def	package PUA U+F017; mapped to public Unicode; style-class solid
\faClone	text	text	U+1F4CB	clone			solid		lib-symb/fontawesome5/tex/latex/fontawesome5/fontawesome5-mapping.def	package PUA U+F24D; mapped to public Unicode; style-class solid
\faClosedCaptioning	text	text	U+25A1	closed-captioning			solid		lib-symb/fontawesome5/tex/latex/fontawesome5/fontawesome5-mapping.def	package PUA U+F20A; mapped to public Unicode; style-class solid
\faCloud	text	text	U+2601	cloud			solid		lib-symb/fontawesome5/tex/latex/fontawesome5/fontawesome5-mapping.def	package PUA U+F0C2; mapped to public Unicode; style-class solid
\faCloudMeatball	text	text	U+25A1	cloud-meatball			solid		lib-symb/fontawesome5/tex/latex/fontawesome5/fontawesome5-mapping.def	package PUA U+F73B; mapped to public Unicode; style-class solid
\faCloudMoon	text	text	U+25A1	cloud-moon			solid		lib-symb/fontawesome5/tex/latex/fontawesome5/fontawesome5-mapping.def	package PUA U+F6C3; mapped to public Unicode; style-class solid
\faCloudMoonRain	text	text	U+25A1	cloud-moon-rain			solid		lib-symb/fontawesome5/tex/latex/fontawesome5/fontawesome5-mapping.def	package PUA U+F73C; mapped to public Unicode; style-class solid
\faCloudRain	text	text	U+25A1	cloud-rain			solid		lib-symb/fontawesome5/tex/latex/fontawesome5/fontawesome5-mapping.def	package PUA U+F73D; mapped to public Unicode; style-class solid
\faCloudShowersHeavy	text	text	U+25A1	cloud-showers-heavy			solid		lib-symb/fontawesome5/tex/latex/fontawesome5/fontawesome5-mapping.def	package PUA U+F740; mapped to public Unicode; style-class solid
\faCloudSun	text	text	U+25A1	cloud-sun			solid		lib-symb/fontawesome5/tex/latex/fontawesome5/fontawesome5-mapping.def	package PUA U+F6C4; mapped to public Unicode; style-class solid
\faCloudSunRain	text	text	U+25A1	cloud-sun-rain			solid		lib-symb/fontawesome5/tex/latex/fontawesome5/fontawesome5-mapping.def	package PUA U+F743; mapped to public Unicode; style-class solid
\faCloudflare	text	text	U+25A1	cloudflare			solid		lib-symb/fontawesome5/tex/latex/fontawesome5/fontawesome5-mapping.def	package PUA U+E07D; mapped to public Unicode; style-class solid
\faCloudscale	text	text	U+25A1	cloudscale			solid		lib-symb/fontawesome5/tex/latex/fontawesome5/fontawesome5-mapping.def	package PUA U+F383; mapped to public Unicode; style-class solid
\faCloudsmith	text	text	U+25A1	cloudsmith			solid		lib-symb/fontawesome5/tex/latex/fontawesome5/fontawesome5-mapping.def	package PUA U+F384; mapped to public Unicode; style-class solid
\faCloudversify	text	text	U+25A1	cloudversify			solid		lib-symb/fontawesome5/tex/latex/fontawesome5/fontawesome5-mapping.def	package PUA U+F385; mapped to public Unicode; style-class solid
\faCocktail	text	text	U+25A1	cocktail			solid		lib-symb/fontawesome5/tex/latex/fontawesome5/fontawesome5-mapping.def	package PUA U+F561; mapped to public Unicode; style-class solid
\faCode	text	text	U+1F4BB	code			solid		lib-symb/fontawesome5/tex/latex/fontawesome5/fontawesome5-mapping.def	package PUA U+F121; mapped to public Unicode; style-class solid
\faCodeBranch	text	text	U+2387	code-branch			solid		lib-symb/fontawesome5/tex/latex/fontawesome5/fontawesome5-mapping.def	package PUA U+F126; mapped to public Unicode; style-class solid
\faCodepen	text	text	U+25A1	codepen			solid		lib-symb/fontawesome5/tex/latex/fontawesome5/fontawesome5-mapping.def	package PUA U+F1CB; mapped to public Unicode; style-class solid
\faCodiepie	text	text	U+25A1	codiepie			solid		lib-symb/fontawesome5/tex/latex/fontawesome5/fontawesome5-mapping.def	package PUA U+F284; mapped to public Unicode; style-class solid
\faCoffee	text	text	U+2615	coffee			solid		lib-symb/fontawesome5/tex/latex/fontawesome5/fontawesome5-mapping.def	package PUA U+F0F4; mapped to public Unicode; style-class solid
\faCog	text	text	U+2699	cog			solid		lib-symb/fontawesome5/tex/latex/fontawesome5/fontawesome5-mapping.def	package PUA U+F013; mapped to public Unicode; style-class solid
\faCogs	text	text	U+2699	cogs			solid		lib-symb/fontawesome5/tex/latex/fontawesome5/fontawesome5-mapping.def	package PUA U+F085; mapped to public Unicode; style-class solid
\faCoins	text	text	U+25A1	coins			solid		lib-symb/fontawesome5/tex/latex/fontawesome5/fontawesome5-mapping.def	package PUA U+F51E; mapped to public Unicode; style-class solid
\faColumns	text	text	U+25A1	columns			solid		lib-symb/fontawesome5/tex/latex/fontawesome5/fontawesome5-mapping.def	package PUA U+F0DB; mapped to public Unicode; style-class solid
\faComment	text	text	U+1F4AC	comment			solid		lib-symb/fontawesome5/tex/latex/fontawesome5/fontawesome5-mapping.def	package PUA U+F075; mapped to public Unicode; style-class solid
\faCommentDollar	text	text	U+25A1	comment-dollar			solid		lib-symb/fontawesome5/tex/latex/fontawesome5/fontawesome5-mapping.def	package PUA U+F651; mapped to public Unicode; style-class solid
\faCommentDots	text	text	U+25A1	comment-dots			solid		lib-symb/fontawesome5/tex/latex/fontawesome5/fontawesome5-mapping.def	package PUA U+F4AD; mapped to public Unicode; style-class solid
\faCommentMedical	text	text	U+25A1	comment-medical			solid		lib-symb/fontawesome5/tex/latex/fontawesome5/fontawesome5-mapping.def	package PUA U+F7F5; mapped to public Unicode; style-class solid
\faCommentSlash	text	text	U+25A1	comment-slash			solid		lib-symb/fontawesome5/tex/latex/fontawesome5/fontawesome5-mapping.def	package PUA U+F4B3; mapped to public Unicode; style-class solid
\faComments	text	text	U+1F4AC	comments			solid		lib-symb/fontawesome5/tex/latex/fontawesome5/fontawesome5-mapping.def	package PUA U+F086; mapped to public Unicode; style-class solid
\faCommentsDollar	text	text	U+25A1	comments-dollar			solid		lib-symb/fontawesome5/tex/latex/fontawesome5/fontawesome5-mapping.def	package PUA U+F653; mapped to public Unicode; style-class solid
\faCompactDisc	text	text	U+25A1	compact-disc			solid		lib-symb/fontawesome5/tex/latex/fontawesome5/fontawesome5-mapping.def	package PUA U+F51F; mapped to public Unicode; style-class solid
\faCompass	text	text	U+1F9ED	compass			solid		lib-symb/fontawesome5/tex/latex/fontawesome5/fontawesome5-mapping.def	package PUA U+F14E; mapped to public Unicode; style-class solid
\faCompress	text	text	U+25A1	compress			solid		lib-symb/fontawesome5/tex/latex/fontawesome5/fontawesome5-mapping.def	package PUA U+F066; mapped to public Unicode; style-class solid
\faConciergeBell	text	text	U+25A1	concierge-bell			solid		lib-symb/fontawesome5/tex/latex/fontawesome5/fontawesome5-mapping.def	package PUA U+F562; mapped to public Unicode; style-class solid
\faConfluence	text	text	U+25A1	confluence			solid		lib-symb/fontawesome5/tex/latex/fontawesome5/fontawesome5-mapping.def	package PUA U+F78D; mapped to public Unicode; style-class solid
\faConnectdevelop	text	text	U+25A1	connectdevelop			solid		lib-symb/fontawesome5/tex/latex/fontawesome5/fontawesome5-mapping.def	package PUA U+F20E; mapped to public Unicode; style-class solid
\faContao	text	text	U+25A1	contao			solid		lib-symb/fontawesome5/tex/latex/fontawesome5/fontawesome5-mapping.def	package PUA U+F26D; mapped to public Unicode; style-class solid
\faCookie	text	text	U+25A1	cookie			solid		lib-symb/fontawesome5/tex/latex/fontawesome5/fontawesome5-mapping.def	package PUA U+F563; mapped to public Unicode; style-class solid
\faCookieBite	text	text	U+25A1	cookie-bite			solid		lib-symb/fontawesome5/tex/latex/fontawesome5/fontawesome5-mapping.def	package PUA U+F564; mapped to public Unicode; style-class solid
\faCopy	text	text	U+1F4CB	copy			solid		lib-symb/fontawesome5/tex/latex/fontawesome5/fontawesome5-mapping.def	package PUA U+F0C5; mapped to public Unicode; style-class solid
\faCopyright	text	text	U+00A9	copyright			solid		lib-symb/fontawesome5/tex/latex/fontawesome5/fontawesome5-mapping.def	package PUA U+F1F9; mapped to public Unicode; style-class solid
\faCottonBureau	text	text	U+25A1	cotton-bureau			solid		lib-symb/fontawesome5/tex/latex/fontawesome5/fontawesome5-mapping.def	package PUA U+F89E; mapped to public Unicode; style-class solid
\faCouch	text	text	U+25A1	couch			solid		lib-symb/fontawesome5/tex/latex/fontawesome5/fontawesome5-mapping.def	package PUA U+F4B8; mapped to public Unicode; style-class solid
\faCpanel	text	text	U+25A1	cpanel			solid		lib-symb/fontawesome5/tex/latex/fontawesome5/fontawesome5-mapping.def	package PUA U+F388; mapped to public Unicode; style-class solid
\faCreativeCommons	text	text	U+25A1	creative-commons			solid		lib-symb/fontawesome5/tex/latex/fontawesome5/fontawesome5-mapping.def	package PUA U+F25E; mapped to public Unicode; style-class solid
\faCreativeCommonsBy	text	text	U+25A1	creative-commons-by			solid		lib-symb/fontawesome5/tex/latex/fontawesome5/fontawesome5-mapping.def	package PUA U+F4E7; mapped to public Unicode; style-class solid
\faCreativeCommonsNc	text	text	U+25A1	creative-commons-nc			solid		lib-symb/fontawesome5/tex/latex/fontawesome5/fontawesome5-mapping.def	package PUA U+F4E8; mapped to public Unicode; style-class solid
\faCreativeCommonsNcEu	text	text	U+25A1	creative-commons-nc-eu			solid		lib-symb/fontawesome5/tex/latex/fontawesome5/fontawesome5-mapping.def	package PUA U+F4E9; mapped to public Unicode; style-class solid
\faCreativeCommonsNcJp	text	text	U+25A1	creative-commons-nc-jp			solid		lib-symb/fontawesome5/tex/latex/fontawesome5/fontawesome5-mapping.def	package PUA U+F4EA; mapped to public Unicode; style-class solid
\faCreativeCommonsNd	text	text	U+25A1	creative-commons-nd			solid		lib-symb/fontawesome5/tex/latex/fontawesome5/fontawesome5-mapping.def	package PUA U+F4EB; mapped to public Unicode; style-class solid
\faCreativeCommonsPd	text	text	U+25A1	creative-commons-pd			solid		lib-symb/fontawesome5/tex/latex/fontawesome5/fontawesome5-mapping.def	package PUA U+F4EC; mapped to public Unicode; style-class solid
\faCreativeCommonsRemix	text	text	U+25A1	creative-commons-remix			solid		lib-symb/fontawesome5/tex/latex/fontawesome5/fontawesome5-mapping.def	package PUA U+F4EE; mapped to public Unicode; style-class solid
\faCreativeCommonsSa	text	text	U+25A1	creative-commons-sa			solid		lib-symb/fontawesome5/tex/latex/fontawesome5/fontawesome5-mapping.def	package PUA U+F4EF; mapped to public Unicode; style-class solid
\faCreativeCommonsSampling	text	text	U+25A1	creative-commons-sampling			solid		lib-symb/fontawesome5/tex/latex/fontawesome5/fontawesome5-mapping.def	package PUA U+F4F0; mapped to public Unicode; style-class solid
\faCreativeCommonsSamplingPlus	text	text	U+25A1	creative-commons-sampling-plus			solid		lib-symb/fontawesome5/tex/latex/fontawesome5/fontawesome5-mapping.def	package PUA U+F4F1; mapped to public Unicode; style-class solid
\faCreativeCommonsShare	text	text	U+25A1	creative-commons-share			solid		lib-symb/fontawesome5/tex/latex/fontawesome5/fontawesome5-mapping.def	package PUA U+F4F2; mapped to public Unicode; style-class solid
\faCreativeCommonsZero	text	text	U+25A1	creative-commons-zero			solid		lib-symb/fontawesome5/tex/latex/fontawesome5/fontawesome5-mapping.def	package PUA U+F4F3; mapped to public Unicode; style-class solid
\faCreditCard	text	text	U+1F4B3	credit-card			solid		lib-symb/fontawesome5/tex/latex/fontawesome5/fontawesome5-mapping.def	package PUA U+F09D; mapped to public Unicode; style-class solid
\faCriticalRole	text	text	U+25A1	critical-role			solid		lib-symb/fontawesome5/tex/latex/fontawesome5/fontawesome5-mapping.def	package PUA U+F6C9; mapped to public Unicode; style-class solid
\faCrop	text	text	U+2702	crop			solid		lib-symb/fontawesome5/tex/latex/fontawesome5/fontawesome5-mapping.def	package PUA U+F125; mapped to public Unicode; style-class solid
\faCross	text	text	U+25A1	cross			solid		lib-symb/fontawesome5/tex/latex/fontawesome5/fontawesome5-mapping.def	package PUA U+F654; mapped to public Unicode; style-class solid
\faCrosshairs	text	text	U+2316	crosshairs			solid		lib-symb/fontawesome5/tex/latex/fontawesome5/fontawesome5-mapping.def	package PUA U+F05B; mapped to public Unicode; style-class solid
\faCrow	text	text	U+25A1	crow			solid		lib-symb/fontawesome5/tex/latex/fontawesome5/fontawesome5-mapping.def	package PUA U+F520; mapped to public Unicode; style-class solid
\faCrown	text	text	U+25A1	crown			solid		lib-symb/fontawesome5/tex/latex/fontawesome5/fontawesome5-mapping.def	package PUA U+F521; mapped to public Unicode; style-class solid
\faCrutch	text	text	U+25A1	crutch			solid		lib-symb/fontawesome5/tex/latex/fontawesome5/fontawesome5-mapping.def	package PUA U+F7F7; mapped to public Unicode; style-class solid
\faCube	text	text	U+1F4E6	cube			solid		lib-symb/fontawesome5/tex/latex/fontawesome5/fontawesome5-mapping.def	package PUA U+F1B2; mapped to public Unicode; style-class solid
\faCubes	text	text	U+1F4E6	cubes			solid		lib-symb/fontawesome5/tex/latex/fontawesome5/fontawesome5-mapping.def	package PUA U+F1B3; mapped to public Unicode; style-class solid
\faCut	text	text	U+2702	cut			solid		lib-symb/fontawesome5/tex/latex/fontawesome5/fontawesome5-mapping.def	package PUA U+F0C4; mapped to public Unicode; style-class solid
\faCuttlefish	text	text	U+25A1	cuttlefish			solid		lib-symb/fontawesome5/tex/latex/fontawesome5/fontawesome5-mapping.def	package PUA U+F38C; mapped to public Unicode; style-class solid
\faDAndD	text	text	U+25A1	d-and-d			solid		lib-symb/fontawesome5/tex/latex/fontawesome5/fontawesome5-mapping.def	package PUA U+F38D; mapped to public Unicode; style-class solid
\faDAndDBeyond	text	text	U+25A1	d-and-d-beyond			solid		lib-symb/fontawesome5/tex/latex/fontawesome5/fontawesome5-mapping.def	package PUA U+F6CA; mapped to public Unicode; style-class solid
\faDailymotion	text	text	U+25A1	dailymotion			solid		lib-symb/fontawesome5/tex/latex/fontawesome5/fontawesome5-mapping.def	package PUA U+E052; mapped to public Unicode; style-class solid
\faDashcube	text	text	U+25A1	dashcube			solid		lib-symb/fontawesome5/tex/latex/fontawesome5/fontawesome5-mapping.def	package PUA U+F210; mapped to public Unicode; style-class solid
\faDatabase	text	text	U+1F5C4	database			solid		lib-symb/fontawesome5/tex/latex/fontawesome5/fontawesome5-mapping.def	package PUA U+F1C0; mapped to public Unicode; style-class solid
\faDeaf	text	text	U+25A1	deaf			solid		lib-symb/fontawesome5/tex/latex/fontawesome5/fontawesome5-mapping.def	package PUA U+F2A4; mapped to public Unicode; style-class solid
\faDeezer	text	text	U+25A1	deezer			solid		lib-symb/fontawesome5/tex/latex/fontawesome5/fontawesome5-mapping.def	package PUA U+E077; mapped to public Unicode; style-class solid
\faDelicious	text	text	U+25A1	delicious			solid		lib-symb/fontawesome5/tex/latex/fontawesome5/fontawesome5-mapping.def	package PUA U+F1A5; mapped to public Unicode; style-class solid
\faDemocrat	text	text	U+25A1	democrat			solid		lib-symb/fontawesome5/tex/latex/fontawesome5/fontawesome5-mapping.def	package PUA U+F747; mapped to public Unicode; style-class solid
\faDeploydog	text	text	U+25A1	deploydog			solid		lib-symb/fontawesome5/tex/latex/fontawesome5/fontawesome5-mapping.def	package PUA U+F38E; mapped to public Unicode; style-class solid
\faDeskpro	text	text	U+25A1	deskpro			solid		lib-symb/fontawesome5/tex/latex/fontawesome5/fontawesome5-mapping.def	package PUA U+F38F; mapped to public Unicode; style-class solid
\faDesktop	text	text	U+1F5A5	desktop			solid		lib-symb/fontawesome5/tex/latex/fontawesome5/fontawesome5-mapping.def	package PUA U+F108; mapped to public Unicode; style-class solid
\faDev	text	text	U+25A1	dev			solid		lib-symb/fontawesome5/tex/latex/fontawesome5/fontawesome5-mapping.def	package PUA U+F6CC; mapped to public Unicode; style-class solid
\faDeviantart	text	text	U+25A1	deviantart			solid		lib-symb/fontawesome5/tex/latex/fontawesome5/fontawesome5-mapping.def	package PUA U+F1BD; mapped to public Unicode; style-class solid
\faDharmachakra	text	text	U+25A1	dharmachakra			solid		lib-symb/fontawesome5/tex/latex/fontawesome5/fontawesome5-mapping.def	package PUA U+F655; mapped to public Unicode; style-class solid
\faDhl	text	text	U+25A1	dhl			solid		lib-symb/fontawesome5/tex/latex/fontawesome5/fontawesome5-mapping.def	package PUA U+F790; mapped to public Unicode; style-class solid
\faDiagnoses	text	text	U+25A1	diagnoses			solid		lib-symb/fontawesome5/tex/latex/fontawesome5/fontawesome5-mapping.def	package PUA U+F470; mapped to public Unicode; style-class solid
\faDiaspora	text	text	U+25A1	diaspora			solid		lib-symb/fontawesome5/tex/latex/fontawesome5/fontawesome5-mapping.def	package PUA U+F791; mapped to public Unicode; style-class solid
\faDice	text	text	U+25A1	dice			solid		lib-symb/fontawesome5/tex/latex/fontawesome5/fontawesome5-mapping.def	package PUA U+F522; mapped to public Unicode; style-class solid
\faDiceFive	text	text	U+25A1	dice-five			solid		lib-symb/fontawesome5/tex/latex/fontawesome5/fontawesome5-mapping.def	package PUA U+F523; mapped to public Unicode; style-class solid
\faDiceFour	text	text	U+25A1	dice-four			solid		lib-symb/fontawesome5/tex/latex/fontawesome5/fontawesome5-mapping.def	package PUA U+F524; mapped to public Unicode; style-class solid
\faDiceOne	text	text	U+25A1	dice-one			solid		lib-symb/fontawesome5/tex/latex/fontawesome5/fontawesome5-mapping.def	package PUA U+F525; mapped to public Unicode; style-class solid
\faDiceSix	text	text	U+25A1	dice-six			solid		lib-symb/fontawesome5/tex/latex/fontawesome5/fontawesome5-mapping.def	package PUA U+F526; mapped to public Unicode; style-class solid
\faDiceThree	text	text	U+25A1	dice-three			solid		lib-symb/fontawesome5/tex/latex/fontawesome5/fontawesome5-mapping.def	package PUA U+F527; mapped to public Unicode; style-class solid
\faDiceTwo	text	text	U+25A1	dice-two			solid		lib-symb/fontawesome5/tex/latex/fontawesome5/fontawesome5-mapping.def	package PUA U+F528; mapped to public Unicode; style-class solid
\faDigg	text	text	U+25A1	digg			solid		lib-symb/fontawesome5/tex/latex/fontawesome5/fontawesome5-mapping.def	package PUA U+F1A6; mapped to public Unicode; style-class solid
\faDigitalOcean	text	text	U+25A1	digital-ocean			solid		lib-symb/fontawesome5/tex/latex/fontawesome5/fontawesome5-mapping.def	package PUA U+F391; mapped to public Unicode; style-class solid
\faDigitalTachograph	text	text	U+25A1	digital-tachograph			solid		lib-symb/fontawesome5/tex/latex/fontawesome5/fontawesome5-mapping.def	package PUA U+F566; mapped to public Unicode; style-class solid
\faDirections	text	text	U+25A1	directions			solid		lib-symb/fontawesome5/tex/latex/fontawesome5/fontawesome5-mapping.def	package PUA U+F5EB; mapped to public Unicode; style-class solid
\faDiscord	text	text	U+25A1	discord			solid		lib-symb/fontawesome5/tex/latex/fontawesome5/fontawesome5-mapping.def	package PUA U+F392; mapped to public Unicode; style-class solid
\faDiscourse	text	text	U+25A1	discourse			solid		lib-symb/fontawesome5/tex/latex/fontawesome5/fontawesome5-mapping.def	package PUA U+F393; mapped to public Unicode; style-class solid
\faDisease	text	text	U+25A1	disease			solid		lib-symb/fontawesome5/tex/latex/fontawesome5/fontawesome5-mapping.def	package PUA U+F7FA; mapped to public Unicode; style-class solid
\faDivide	text	text	U+25A1	divide			solid		lib-symb/fontawesome5/tex/latex/fontawesome5/fontawesome5-mapping.def	package PUA U+F529; mapped to public Unicode; style-class solid
\faDizzy	text	text	U+25A1	dizzy			solid		lib-symb/fontawesome5/tex/latex/fontawesome5/fontawesome5-mapping.def	package PUA U+F567; mapped to public Unicode; style-class solid
\faDna	text	text	U+25A1	dna			solid		lib-symb/fontawesome5/tex/latex/fontawesome5/fontawesome5-mapping.def	package PUA U+F471; mapped to public Unicode; style-class solid
\faDochub	text	text	U+25A1	dochub			solid		lib-symb/fontawesome5/tex/latex/fontawesome5/fontawesome5-mapping.def	package PUA U+F394; mapped to public Unicode; style-class solid
\faDocker	text	text	U+25A1	docker			solid		lib-symb/fontawesome5/tex/latex/fontawesome5/fontawesome5-mapping.def	package PUA U+F395; mapped to public Unicode; style-class solid
\faDog	text	text	U+25A1	dog			solid		lib-symb/fontawesome5/tex/latex/fontawesome5/fontawesome5-mapping.def	package PUA U+F6D3; mapped to public Unicode; style-class solid
\faDollarSign	text	text	U+25A1	dollar-sign			solid		lib-symb/fontawesome5/tex/latex/fontawesome5/fontawesome5-mapping.def	package PUA U+F155; mapped to public Unicode; style-class solid
\faDolly	text	text	U+25A1	dolly			solid		lib-symb/fontawesome5/tex/latex/fontawesome5/fontawesome5-mapping.def	package PUA U+F472; mapped to public Unicode; style-class solid
\faDollyFlatbed	text	text	U+25A1	dolly-flatbed			solid		lib-symb/fontawesome5/tex/latex/fontawesome5/fontawesome5-mapping.def	package PUA U+F474; mapped to public Unicode; style-class solid
\faDonate	text	text	U+25A1	donate			solid		lib-symb/fontawesome5/tex/latex/fontawesome5/fontawesome5-mapping.def	package PUA U+F4B9; mapped to public Unicode; style-class solid
\faDoorClosed	text	text	U+25A1	door-closed			solid		lib-symb/fontawesome5/tex/latex/fontawesome5/fontawesome5-mapping.def	package PUA U+F52A; mapped to public Unicode; style-class solid
\faDoorOpen	text	text	U+25A1	door-open			solid		lib-symb/fontawesome5/tex/latex/fontawesome5/fontawesome5-mapping.def	package PUA U+F52B; mapped to public Unicode; style-class solid
\faDotCircle	text	text	U+25A1	dot-circle			solid		lib-symb/fontawesome5/tex/latex/fontawesome5/fontawesome5-mapping.def	package PUA U+F192; mapped to public Unicode; style-class solid
\faDove	text	text	U+25A1	dove			solid		lib-symb/fontawesome5/tex/latex/fontawesome5/fontawesome5-mapping.def	package PUA U+F4BA; mapped to public Unicode; style-class solid
\faDownload	text	text	U+2B07	download			solid		lib-symb/fontawesome5/tex/latex/fontawesome5/fontawesome5-mapping.def	package PUA U+F019; mapped to public Unicode; style-class solid
\faDraftingCompass	text	text	U+25A1	drafting-compass			solid		lib-symb/fontawesome5/tex/latex/fontawesome5/fontawesome5-mapping.def	package PUA U+F568; mapped to public Unicode; style-class solid
\faDragon	text	text	U+25A1	dragon			solid		lib-symb/fontawesome5/tex/latex/fontawesome5/fontawesome5-mapping.def	package PUA U+F6D5; mapped to public Unicode; style-class solid
\faDrawPolygon	text	text	U+25A1	draw-polygon			solid		lib-symb/fontawesome5/tex/latex/fontawesome5/fontawesome5-mapping.def	package PUA U+F5EE; mapped to public Unicode; style-class solid
\faDribbble	text	text	U+25A1	dribbble			solid		lib-symb/fontawesome5/tex/latex/fontawesome5/fontawesome5-mapping.def	package PUA U+F17D; mapped to public Unicode; style-class solid
\faDribbbleSquare	text	text	U+25A1	dribbble-square			solid		lib-symb/fontawesome5/tex/latex/fontawesome5/fontawesome5-mapping.def	package PUA U+F397; mapped to public Unicode; style-class solid
\faDropbox	text	text	U+25A1	dropbox			solid		lib-symb/fontawesome5/tex/latex/fontawesome5/fontawesome5-mapping.def	package PUA U+F16B; mapped to public Unicode; style-class solid
\faDrum	text	text	U+25A1	drum			solid		lib-symb/fontawesome5/tex/latex/fontawesome5/fontawesome5-mapping.def	package PUA U+F569; mapped to public Unicode; style-class solid
\faDrumSteelpan	text	text	U+25A1	drum-steelpan			solid		lib-symb/fontawesome5/tex/latex/fontawesome5/fontawesome5-mapping.def	package PUA U+F56A; mapped to public Unicode; style-class solid
\faDrumstickBite	text	text	U+25A1	drumstick-bite			solid		lib-symb/fontawesome5/tex/latex/fontawesome5/fontawesome5-mapping.def	package PUA U+F6D7; mapped to public Unicode; style-class solid
\faDrupal	text	text	U+25A1	drupal			solid		lib-symb/fontawesome5/tex/latex/fontawesome5/fontawesome5-mapping.def	package PUA U+F1A9; mapped to public Unicode; style-class solid
\faDumbbell	text	text	U+25A1	dumbbell			solid		lib-symb/fontawesome5/tex/latex/fontawesome5/fontawesome5-mapping.def	package PUA U+F44B; mapped to public Unicode; style-class solid
\faDumpster	text	text	U+25A1	dumpster			solid		lib-symb/fontawesome5/tex/latex/fontawesome5/fontawesome5-mapping.def	package PUA U+F793; mapped to public Unicode; style-class solid
\faDumpsterFire	text	text	U+25A1	dumpster-fire			solid		lib-symb/fontawesome5/tex/latex/fontawesome5/fontawesome5-mapping.def	package PUA U+F794; mapped to public Unicode; style-class solid
\faDungeon	text	text	U+25A1	dungeon			solid		lib-symb/fontawesome5/tex/latex/fontawesome5/fontawesome5-mapping.def	package PUA U+F6D9; mapped to public Unicode; style-class solid
\faDyalog	text	text	U+25A1	dyalog			solid		lib-symb/fontawesome5/tex/latex/fontawesome5/fontawesome5-mapping.def	package PUA U+F399; mapped to public Unicode; style-class solid
\faEarlybirds	text	text	U+25A1	earlybirds			solid		lib-symb/fontawesome5/tex/latex/fontawesome5/fontawesome5-mapping.def	package PUA U+F39A; mapped to public Unicode; style-class solid
\faEbay	text	text	U+25A1	ebay			solid		lib-symb/fontawesome5/tex/latex/fontawesome5/fontawesome5-mapping.def	package PUA U+F4F4; mapped to public Unicode; style-class solid
\faEdge	text	text	U+25A1	edge			solid		lib-symb/fontawesome5/tex/latex/fontawesome5/fontawesome5-mapping.def	package PUA U+F282; mapped to public Unicode; style-class solid
\faEdgeLegacy	text	text	U+25A1	edge-legacy			solid		lib-symb/fontawesome5/tex/latex/fontawesome5/fontawesome5-mapping.def	package PUA U+E078; mapped to public Unicode; style-class solid
\faEdit	text	text	U+270E	edit			solid		lib-symb/fontawesome5/tex/latex/fontawesome5/fontawesome5-mapping.def	package PUA U+F044; mapped to public Unicode; style-class solid
\faEgg	text	text	U+25A1	egg			solid		lib-symb/fontawesome5/tex/latex/fontawesome5/fontawesome5-mapping.def	package PUA U+F7FB; mapped to public Unicode; style-class solid
\faEject	text	text	U+23CF	eject			solid		lib-symb/fontawesome5/tex/latex/fontawesome5/fontawesome5-mapping.def	package PUA U+F052; mapped to public Unicode; style-class solid
\faElementor	text	text	U+25A1	elementor			solid		lib-symb/fontawesome5/tex/latex/fontawesome5/fontawesome5-mapping.def	package PUA U+F430; mapped to public Unicode; style-class solid
\faEllipsisH	text	text	U+2026	ellipsis-h			solid		lib-symb/fontawesome5/tex/latex/fontawesome5/fontawesome5-mapping.def	package PUA U+F141; mapped to public Unicode; style-class solid
\faEllipsisV	text	text	U+22EE	ellipsis-v			solid		lib-symb/fontawesome5/tex/latex/fontawesome5/fontawesome5-mapping.def	package PUA U+F142; mapped to public Unicode; style-class solid
\faEllo	text	text	U+25A1	ello			solid		lib-symb/fontawesome5/tex/latex/fontawesome5/fontawesome5-mapping.def	package PUA U+F5F1; mapped to public Unicode; style-class solid
\faEmber	text	text	U+25A1	ember			solid		lib-symb/fontawesome5/tex/latex/fontawesome5/fontawesome5-mapping.def	package PUA U+F423; mapped to public Unicode; style-class solid
\faEmpire	text	text	U+25A1	empire			solid		lib-symb/fontawesome5/tex/latex/fontawesome5/fontawesome5-mapping.def	package PUA U+F1D1; mapped to public Unicode; style-class solid
\faEnvelope	text	text	U+2709	envelope			solid		lib-symb/fontawesome5/tex/latex/fontawesome5/fontawesome5-mapping.def	package PUA U+F0E0; mapped to public Unicode; style-class solid
\faEnvelopeOpen	text	text	U+1F4E8	envelope-open			solid		lib-symb/fontawesome5/tex/latex/fontawesome5/fontawesome5-mapping.def	package PUA U+F2B6; mapped to public Unicode; style-class solid
\faEnvelopeOpenText	text	text	U+25A1	envelope-open-text			solid		lib-symb/fontawesome5/tex/latex/fontawesome5/fontawesome5-mapping.def	package PUA U+F658; mapped to public Unicode; style-class solid
\faEnvelopeSquare	text	text	U+25A1	envelope-square			solid		lib-symb/fontawesome5/tex/latex/fontawesome5/fontawesome5-mapping.def	package PUA U+F199; mapped to public Unicode; style-class solid
\faEnvira	text	text	U+25A1	envira			solid		lib-symb/fontawesome5/tex/latex/fontawesome5/fontawesome5-mapping.def	package PUA U+F299; mapped to public Unicode; style-class solid
\faEquals	text	text	U+25A1	equals			solid		lib-symb/fontawesome5/tex/latex/fontawesome5/fontawesome5-mapping.def	package PUA U+F52C; mapped to public Unicode; style-class solid
\faEraser	text	text	U+232B	eraser			solid		lib-symb/fontawesome5/tex/latex/fontawesome5/fontawesome5-mapping.def	package PUA U+F12D; mapped to public Unicode; style-class solid
\faErlang	text	text	U+25A1	erlang			solid		lib-symb/fontawesome5/tex/latex/fontawesome5/fontawesome5-mapping.def	package PUA U+F39D; mapped to public Unicode; style-class solid
\faEthereum	text	text	U+25A1	ethereum			solid		lib-symb/fontawesome5/tex/latex/fontawesome5/fontawesome5-mapping.def	package PUA U+F42E; mapped to public Unicode; style-class solid
\faEthernet	text	text	U+25A1	ethernet			solid		lib-symb/fontawesome5/tex/latex/fontawesome5/fontawesome5-mapping.def	package PUA U+F796; mapped to public Unicode; style-class solid
\faEtsy	text	text	U+25A1	etsy			solid		lib-symb/fontawesome5/tex/latex/fontawesome5/fontawesome5-mapping.def	package PUA U+F2D7; mapped to public Unicode; style-class solid
\faEuroSign	text	text	U+20AC	euro-sign			solid		lib-symb/fontawesome5/tex/latex/fontawesome5/fontawesome5-mapping.def	package PUA U+F153; mapped to public Unicode; style-class solid
\faEvernote	text	text	U+25A1	evernote			solid		lib-symb/fontawesome5/tex/latex/fontawesome5/fontawesome5-mapping.def	package PUA U+F839; mapped to public Unicode; style-class solid
\faExclamation	text	text	U+0021	exclamation			solid	!	lib-symb/fontawesome5/tex/latex/fontawesome5/fontawesome5-mapping.def	package PUA U+F12A; mapped to public Unicode; style-class solid
\faExclamationCircle	text	text	U+26A0	exclamation-circle			solid		lib-symb/fontawesome5/tex/latex/fontawesome5/fontawesome5-mapping.def	package PUA U+F06A; mapped to public Unicode; style-class solid
\faExclamationTriangle	text	text	U+26A0	exclamation-triangle			solid		lib-symb/fontawesome5/tex/latex/fontawesome5/fontawesome5-mapping.def	package PUA U+F071; mapped to public Unicode; style-class solid
\faExpand	text	text	U+26F6	expand			solid		lib-symb/fontawesome5/tex/latex/fontawesome5/fontawesome5-mapping.def	package PUA U+F065; mapped to public Unicode; style-class solid
\faExpeditedssl	text	text	U+25A1	expeditedssl			solid		lib-symb/fontawesome5/tex/latex/fontawesome5/fontawesome5-mapping.def	package PUA U+F23E; mapped to public Unicode; style-class solid
\faEye	text	text	U+1F441	eye			solid		lib-symb/fontawesome5/tex/latex/fontawesome5/fontawesome5-mapping.def	package PUA U+F06E; mapped to public Unicode; style-class solid
\faEyeDropper	text	text	U+25A1	eye-dropper			solid		lib-symb/fontawesome5/tex/latex/fontawesome5/fontawesome5-mapping.def	package PUA U+F1FB; mapped to public Unicode; style-class solid
\faEyeSlash	text	text	U+1F648	eye-slash			solid		lib-symb/fontawesome5/tex/latex/fontawesome5/fontawesome5-mapping.def	package PUA U+F070; mapped to public Unicode; style-class solid
\faFacebook	text	text	U+1F310	facebook			solid		lib-symb/fontawesome5/tex/latex/fontawesome5/fontawesome5-mapping.def	package PUA U+F09A; mapped to public Unicode; style-class solid
\faFacebookF	text	text	U+25A1	facebook-f			solid		lib-symb/fontawesome5/tex/latex/fontawesome5/fontawesome5-mapping.def	package PUA U+F39E; mapped to public Unicode; style-class solid
\faFacebookMessenger	text	text	U+25A1	facebook-messenger			solid		lib-symb/fontawesome5/tex/latex/fontawesome5/fontawesome5-mapping.def	package PUA U+F39F; mapped to public Unicode; style-class solid
\faFacebookSquare	text	text	U+25A1	facebook-square			solid		lib-symb/fontawesome5/tex/latex/fontawesome5/fontawesome5-mapping.def	package PUA U+F082; mapped to public Unicode; style-class solid
\faFan	text	text	U+25A1	fan			solid		lib-symb/fontawesome5/tex/latex/fontawesome5/fontawesome5-mapping.def	package PUA U+F863; mapped to public Unicode; style-class solid
\faFantasyFlightGames	text	text	U+25A1	fantasy-flight-games			solid		lib-symb/fontawesome5/tex/latex/fontawesome5/fontawesome5-mapping.def	package PUA U+F6DC; mapped to public Unicode; style-class solid
\faFastBackward	text	text	U+23EE	fast-backward			solid		lib-symb/fontawesome5/tex/latex/fontawesome5/fontawesome5-mapping.def	package PUA U+F049; mapped to public Unicode; style-class solid
\faFastForward	text	text	U+23ED	fast-forward			solid		lib-symb/fontawesome5/tex/latex/fontawesome5/fontawesome5-mapping.def	package PUA U+F050; mapped to public Unicode; style-class solid
\faFaucet	text	text	U+25A1	faucet			solid		lib-symb/fontawesome5/tex/latex/fontawesome5/fontawesome5-mapping.def	package PUA U+E005; mapped to public Unicode; style-class solid
\faFax	text	text	U+25A1	fax			solid		lib-symb/fontawesome5/tex/latex/fontawesome5/fontawesome5-mapping.def	package PUA U+F1AC; mapped to public Unicode; style-class solid
\faFeather	text	text	U+25A1	feather			solid		lib-symb/fontawesome5/tex/latex/fontawesome5/fontawesome5-mapping.def	package PUA U+F52D; mapped to public Unicode; style-class solid
\faFedex	text	text	U+25A1	fedex			solid		lib-symb/fontawesome5/tex/latex/fontawesome5/fontawesome5-mapping.def	package PUA U+F797; mapped to public Unicode; style-class solid
\faFedora	text	text	U+25A1	fedora			solid		lib-symb/fontawesome5/tex/latex/fontawesome5/fontawesome5-mapping.def	package PUA U+F798; mapped to public Unicode; style-class solid
\faFemale	text	text	U+2640	female			solid		lib-symb/fontawesome5/tex/latex/fontawesome5/fontawesome5-mapping.def	package PUA U+F182; mapped to public Unicode; style-class solid
\faFighterJet	text	text	U+2708	fighter-jet			solid		lib-symb/fontawesome5/tex/latex/fontawesome5/fontawesome5-mapping.def	package PUA U+F0FB; mapped to public Unicode; style-class solid
\faFigma	text	text	U+25A1	figma			solid		lib-symb/fontawesome5/tex/latex/fontawesome5/fontawesome5-mapping.def	package PUA U+F799; mapped to public Unicode; style-class solid
\faFile	text	text	U+1F4C4	file			solid		lib-symb/fontawesome5/tex/latex/fontawesome5/fontawesome5-mapping.def	package PUA U+F15B; mapped to public Unicode; style-class solid
\faFileArchive	text	text	U+1F4E6	file-archive			solid		lib-symb/fontawesome5/tex/latex/fontawesome5/fontawesome5-mapping.def	package PUA U+F1C6; mapped to public Unicode; style-class solid
\faFileAudio	text	text	U+25A1	file-audio			solid		lib-symb/fontawesome5/tex/latex/fontawesome5/fontawesome5-mapping.def	package PUA U+F1C7; mapped to public Unicode; style-class solid
\faFileCode	text	text	U+1F4C4	file-code			solid		lib-symb/fontawesome5/tex/latex/fontawesome5/fontawesome5-mapping.def	package PUA U+F1C9; mapped to public Unicode; style-class solid
\faFileContract	text	text	U+25A1	file-contract			solid		lib-symb/fontawesome5/tex/latex/fontawesome5/fontawesome5-mapping.def	package PUA U+F56C; mapped to public Unicode; style-class solid
\faFileCsv	text	text	U+25A1	file-csv			solid		lib-symb/fontawesome5/tex/latex/fontawesome5/fontawesome5-mapping.def	package PUA U+F6DD; mapped to public Unicode; style-class solid
\faFileDownload	text	text	U+25A1	file-download			solid		lib-symb/fontawesome5/tex/latex/fontawesome5/fontawesome5-mapping.def	package PUA U+F56D; mapped to public Unicode; style-class solid
\faFileExcel	text	text	U+1F4C4	file-excel			solid		lib-symb/fontawesome5/tex/latex/fontawesome5/fontawesome5-mapping.def	package PUA U+F1C3; mapped to public Unicode; style-class solid
\faFileExport	text	text	U+25A1	file-export			solid		lib-symb/fontawesome5/tex/latex/fontawesome5/fontawesome5-mapping.def	package PUA U+F56E; mapped to public Unicode; style-class solid
\faFileImage	text	text	U+1F5BB	file-image			solid		lib-symb/fontawesome5/tex/latex/fontawesome5/fontawesome5-mapping.def	package PUA U+F1C5; mapped to public Unicode; style-class solid
\faFileImport	text	text	U+25A1	file-import			solid		lib-symb/fontawesome5/tex/latex/fontawesome5/fontawesome5-mapping.def	package PUA U+F56F; mapped to public Unicode; style-class solid
\faFileInvoice	text	text	U+25A1	file-invoice			solid		lib-symb/fontawesome5/tex/latex/fontawesome5/fontawesome5-mapping.def	package PUA U+F570; mapped to public Unicode; style-class solid
\faFileInvoiceDollar	text	text	U+25A1	file-invoice-dollar			solid		lib-symb/fontawesome5/tex/latex/fontawesome5/fontawesome5-mapping.def	package PUA U+F571; mapped to public Unicode; style-class solid
\faFileMedical	text	text	U+25A1	file-medical			solid		lib-symb/fontawesome5/tex/latex/fontawesome5/fontawesome5-mapping.def	package PUA U+F477; mapped to public Unicode; style-class solid
\faFilePdf	text	text	U+1F4C4	file-pdf			solid		lib-symb/fontawesome5/tex/latex/fontawesome5/fontawesome5-mapping.def	package PUA U+F1C1; mapped to public Unicode; style-class solid
\faFilePowerpoint	text	text	U+1F4C4	file-powerpoint			solid		lib-symb/fontawesome5/tex/latex/fontawesome5/fontawesome5-mapping.def	package PUA U+F1C4; mapped to public Unicode; style-class solid
\faFilePrescription	text	text	U+25A1	file-prescription			solid		lib-symb/fontawesome5/tex/latex/fontawesome5/fontawesome5-mapping.def	package PUA U+F572; mapped to public Unicode; style-class solid
\faFileSignature	text	text	U+25A1	file-signature			solid		lib-symb/fontawesome5/tex/latex/fontawesome5/fontawesome5-mapping.def	package PUA U+F573; mapped to public Unicode; style-class solid
\faFileUpload	text	text	U+25A1	file-upload			solid		lib-symb/fontawesome5/tex/latex/fontawesome5/fontawesome5-mapping.def	package PUA U+F574; mapped to public Unicode; style-class solid
\faFileVideo	text	text	U+25A1	file-video			solid		lib-symb/fontawesome5/tex/latex/fontawesome5/fontawesome5-mapping.def	package PUA U+F1C8; mapped to public Unicode; style-class solid
\faFileWord	text	text	U+1F4C4	file-word			solid		lib-symb/fontawesome5/tex/latex/fontawesome5/fontawesome5-mapping.def	package PUA U+F1C2; mapped to public Unicode; style-class solid
\faFill	text	text	U+25A1	fill			solid		lib-symb/fontawesome5/tex/latex/fontawesome5/fontawesome5-mapping.def	package PUA U+F575; mapped to public Unicode; style-class solid
\faFillDrip	text	text	U+25A1	fill-drip			solid		lib-symb/fontawesome5/tex/latex/fontawesome5/fontawesome5-mapping.def	package PUA U+F576; mapped to public Unicode; style-class solid
\faFilm	text	text	U+1F3AC	film			solid		lib-symb/fontawesome5/tex/latex/fontawesome5/fontawesome5-mapping.def	package PUA U+F008; mapped to public Unicode; style-class solid
\faFilter	text	text	U+1F50D	filter			solid		lib-symb/fontawesome5/tex/latex/fontawesome5/fontawesome5-mapping.def	package PUA U+F0B0; mapped to public Unicode; style-class solid
\faFingerprint	text	text	U+25A1	fingerprint			solid		lib-symb/fontawesome5/tex/latex/fontawesome5/fontawesome5-mapping.def	package PUA U+F577; mapped to public Unicode; style-class solid
\faFire	text	text	U+1F525	fire			solid		lib-symb/fontawesome5/tex/latex/fontawesome5/fontawesome5-mapping.def	package PUA U+F06D; mapped to public Unicode; style-class solid
\faFireExtinguisher	text	text	U+25A1	fire-extinguisher			solid		lib-symb/fontawesome5/tex/latex/fontawesome5/fontawesome5-mapping.def	package PUA U+F134; mapped to public Unicode; style-class solid
\faFirefox	text	text	U+25A1	firefox			solid		lib-symb/fontawesome5/tex/latex/fontawesome5/fontawesome5-mapping.def	package PUA U+F269; mapped to public Unicode; style-class solid
\faFirefoxBrowser	text	text	U+25A1	firefox-browser			solid		lib-symb/fontawesome5/tex/latex/fontawesome5/fontawesome5-mapping.def	package PUA U+E007; mapped to public Unicode; style-class solid
\faFirstAid	text	text	U+25A1	first-aid			solid		lib-symb/fontawesome5/tex/latex/fontawesome5/fontawesome5-mapping.def	package PUA U+F479; mapped to public Unicode; style-class solid
\faFirstOrder	text	text	U+25A1	first-order			solid		lib-symb/fontawesome5/tex/latex/fontawesome5/fontawesome5-mapping.def	package PUA U+F2B0; mapped to public Unicode; style-class solid
\faFirstdraft	text	text	U+25A1	firstdraft			solid		lib-symb/fontawesome5/tex/latex/fontawesome5/fontawesome5-mapping.def	package PUA U+F3A1; mapped to public Unicode; style-class solid
\faFish	text	text	U+25A1	fish			solid		lib-symb/fontawesome5/tex/latex/fontawesome5/fontawesome5-mapping.def	package PUA U+F578; mapped to public Unicode; style-class solid
\faFistRaised	text	text	U+25A1	fist-raised			solid		lib-symb/fontawesome5/tex/latex/fontawesome5/fontawesome5-mapping.def	package PUA U+F6DE; mapped to public Unicode; style-class solid
\faFlag	text	text	U+1F3F4	flag			solid		lib-symb/fontawesome5/tex/latex/fontawesome5/fontawesome5-mapping.def	package PUA U+F024; mapped to public Unicode; style-class solid
\faFlagCheckered	text	text	U+25A1	flag-checkered			solid		lib-symb/fontawesome5/tex/latex/fontawesome5/fontawesome5-mapping.def	package PUA U+F11E; mapped to public Unicode; style-class solid
\faFlagUsa	text	text	U+25A1	flag-usa			solid		lib-symb/fontawesome5/tex/latex/fontawesome5/fontawesome5-mapping.def	package PUA U+F74D; mapped to public Unicode; style-class solid
\faFlask	text	text	U+1F9EA	flask			solid		lib-symb/fontawesome5/tex/latex/fontawesome5/fontawesome5-mapping.def	package PUA U+F0C3; mapped to public Unicode; style-class solid
\faFlickr	text	text	U+25A1	flickr			solid		lib-symb/fontawesome5/tex/latex/fontawesome5/fontawesome5-mapping.def	package PUA U+F16E; mapped to public Unicode; style-class solid
\faFlipboard	text	text	U+25A1	flipboard			solid		lib-symb/fontawesome5/tex/latex/fontawesome5/fontawesome5-mapping.def	package PUA U+F44D; mapped to public Unicode; style-class solid
\faFlushed	text	text	U+25A1	flushed			solid		lib-symb/fontawesome5/tex/latex/fontawesome5/fontawesome5-mapping.def	package PUA U+F579; mapped to public Unicode; style-class solid
\faFly	text	text	U+25A1	fly			solid		lib-symb/fontawesome5/tex/latex/fontawesome5/fontawesome5-mapping.def	package PUA U+F417; mapped to public Unicode; style-class solid
\faFolder	text	text	U+1F4C1	folder			solid		lib-symb/fontawesome5/tex/latex/fontawesome5/fontawesome5-mapping.def	package PUA U+F07B; mapped to public Unicode; style-class solid
\faFolderMinus	text	text	U+25A1	folder-minus			solid		lib-symb/fontawesome5/tex/latex/fontawesome5/fontawesome5-mapping.def	package PUA U+F65D; mapped to public Unicode; style-class solid
\faFolderOpen	text	text	U+1F4C2	folder-open			solid		lib-symb/fontawesome5/tex/latex/fontawesome5/fontawesome5-mapping.def	package PUA U+F07C; mapped to public Unicode; style-class solid
\faFolderPlus	text	text	U+25A1	folder-plus			solid		lib-symb/fontawesome5/tex/latex/fontawesome5/fontawesome5-mapping.def	package PUA U+F65E; mapped to public Unicode; style-class solid
\faFont	text	text	U+1D413	font			solid		lib-symb/fontawesome5/tex/latex/fontawesome5/fontawesome5-mapping.def	package PUA U+F031; mapped to public Unicode; style-class solid
\faFontAwesome	text	text	U+25A1	font-awesome			solid		lib-symb/fontawesome5/tex/latex/fontawesome5/fontawesome5-mapping.def	package PUA U+F2B4; mapped to public Unicode; style-class solid
\faFontAwesomeFlag	text	text	U+25A1	font-awesome-flag			solid		lib-symb/fontawesome5/tex/latex/fontawesome5/fontawesome5-mapping.def	package PUA U+F425; mapped to public Unicode; style-class solid
\faFonticons	text	text	U+25A1	fonticons			solid		lib-symb/fontawesome5/tex/latex/fontawesome5/fontawesome5-mapping.def	package PUA U+F280; mapped to public Unicode; style-class solid
\faFonticonsFi	text	text	U+25A1	fonticons-fi			solid		lib-symb/fontawesome5/tex/latex/fontawesome5/fontawesome5-mapping.def	package PUA U+F3A2; mapped to public Unicode; style-class solid
\faFootballBall	text	text	U+25A1	football-ball			solid		lib-symb/fontawesome5/tex/latex/fontawesome5/fontawesome5-mapping.def	package PUA U+F44E; mapped to public Unicode; style-class solid
\faFortAwesome	text	text	U+25A1	fort-awesome			solid		lib-symb/fontawesome5/tex/latex/fontawesome5/fontawesome5-mapping.def	package PUA U+F286; mapped to public Unicode; style-class solid
\faForumbee	text	text	U+25A1	forumbee			solid		lib-symb/fontawesome5/tex/latex/fontawesome5/fontawesome5-mapping.def	package PUA U+F211; mapped to public Unicode; style-class solid
\faForward	text	text	U+23E9	forward			solid		lib-symb/fontawesome5/tex/latex/fontawesome5/fontawesome5-mapping.def	package PUA U+F04E; mapped to public Unicode; style-class solid
\faFoursquare	text	text	U+25A1	foursquare			solid		lib-symb/fontawesome5/tex/latex/fontawesome5/fontawesome5-mapping.def	package PUA U+F180; mapped to public Unicode; style-class solid
\faFreeCodeCamp	text	text	U+25A1	free-code-camp			solid		lib-symb/fontawesome5/tex/latex/fontawesome5/fontawesome5-mapping.def	package PUA U+F2C5; mapped to public Unicode; style-class solid
\faFreebsd	text	text	U+25A1	freebsd			solid		lib-symb/fontawesome5/tex/latex/fontawesome5/fontawesome5-mapping.def	package PUA U+F3A4; mapped to public Unicode; style-class solid
\faFrog	text	text	U+25A1	frog			solid		lib-symb/fontawesome5/tex/latex/fontawesome5/fontawesome5-mapping.def	package PUA U+F52E; mapped to public Unicode; style-class solid
\faFrown	text	text	U+2639	frown			solid		lib-symb/fontawesome5/tex/latex/fontawesome5/fontawesome5-mapping.def	package PUA U+F119; mapped to public Unicode; style-class solid
\faFrownOpen	text	text	U+25A1	frown-open			solid		lib-symb/fontawesome5/tex/latex/fontawesome5/fontawesome5-mapping.def	package PUA U+F57A; mapped to public Unicode; style-class solid
\faFulcrum	text	text	U+25A1	fulcrum			solid		lib-symb/fontawesome5/tex/latex/fontawesome5/fontawesome5-mapping.def	package PUA U+F50B; mapped to public Unicode; style-class solid
\faFunnelDollar	text	text	U+25A1	funnel-dollar			solid		lib-symb/fontawesome5/tex/latex/fontawesome5/fontawesome5-mapping.def	package PUA U+F662; mapped to public Unicode; style-class solid
\faFutbol	text	text	U+25A1	futbol			solid		lib-symb/fontawesome5/tex/latex/fontawesome5/fontawesome5-mapping.def	package PUA U+F1E3; mapped to public Unicode; style-class solid
\faGalacticRepublic	text	text	U+25A1	galactic-republic			solid		lib-symb/fontawesome5/tex/latex/fontawesome5/fontawesome5-mapping.def	package PUA U+F50C; mapped to public Unicode; style-class solid
\faGalacticSenate	text	text	U+25A1	galactic-senate			solid		lib-symb/fontawesome5/tex/latex/fontawesome5/fontawesome5-mapping.def	package PUA U+F50D; mapped to public Unicode; style-class solid
\faGamepad	text	text	U+1F3AE	gamepad			solid		lib-symb/fontawesome5/tex/latex/fontawesome5/fontawesome5-mapping.def	package PUA U+F11B; mapped to public Unicode; style-class solid
\faGasPump	text	text	U+25A1	gas-pump			solid		lib-symb/fontawesome5/tex/latex/fontawesome5/fontawesome5-mapping.def	package PUA U+F52F; mapped to public Unicode; style-class solid
\faGavel	text	text	U+2696	gavel			solid		lib-symb/fontawesome5/tex/latex/fontawesome5/fontawesome5-mapping.def	package PUA U+F0E3; mapped to public Unicode; style-class solid
\faGem	text	text	U+1F48E	gem			solid		lib-symb/fontawesome5/tex/latex/fontawesome5/fontawesome5-mapping.def	package PUA U+F3A5; mapped to public Unicode; style-class solid
\faGenderless	text	text	U+25A1	genderless			solid		lib-symb/fontawesome5/tex/latex/fontawesome5/fontawesome5-mapping.def	package PUA U+F22D; mapped to public Unicode; style-class solid
\faGetPocket	text	text	U+25A1	get-pocket			solid		lib-symb/fontawesome5/tex/latex/fontawesome5/fontawesome5-mapping.def	package PUA U+F265; mapped to public Unicode; style-class solid
\faGg	text	text	U+25A1	gg			solid		lib-symb/fontawesome5/tex/latex/fontawesome5/fontawesome5-mapping.def	package PUA U+F260; mapped to public Unicode; style-class solid
\faGgCircle	text	text	U+25A1	gg-circle			solid		lib-symb/fontawesome5/tex/latex/fontawesome5/fontawesome5-mapping.def	package PUA U+F261; mapped to public Unicode; style-class solid
\faGhost	text	text	U+25A1	ghost			solid		lib-symb/fontawesome5/tex/latex/fontawesome5/fontawesome5-mapping.def	package PUA U+F6E2; mapped to public Unicode; style-class solid
\faGift	text	text	U+1F381	gift			solid		lib-symb/fontawesome5/tex/latex/fontawesome5/fontawesome5-mapping.def	package PUA U+F06B; mapped to public Unicode; style-class solid
\faGifts	text	text	U+25A1	gifts			solid		lib-symb/fontawesome5/tex/latex/fontawesome5/fontawesome5-mapping.def	package PUA U+F79C; mapped to public Unicode; style-class solid
\faGit	text	text	U+25A1	git			solid		lib-symb/fontawesome5/tex/latex/fontawesome5/fontawesome5-mapping.def	package PUA U+F1D3; mapped to public Unicode; style-class solid
\faGitSquare	text	text	U+25A1	git-square			solid		lib-symb/fontawesome5/tex/latex/fontawesome5/fontawesome5-mapping.def	package PUA U+F1D2; mapped to public Unicode; style-class solid
\faGithub	text	text	U+1F310	github			solid		lib-symb/fontawesome5/tex/latex/fontawesome5/fontawesome5-mapping.def	package PUA U+F09B; mapped to public Unicode; style-class solid
\faGithubSquare	text	text	U+25A1	github-square			solid		lib-symb/fontawesome5/tex/latex/fontawesome5/fontawesome5-mapping.def	package PUA U+F092; mapped to public Unicode; style-class solid
\faGitkraken	text	text	U+25A1	gitkraken			solid		lib-symb/fontawesome5/tex/latex/fontawesome5/fontawesome5-mapping.def	package PUA U+F3A6; mapped to public Unicode; style-class solid
\faGitlab	text	text	U+25A1	gitlab			solid		lib-symb/fontawesome5/tex/latex/fontawesome5/fontawesome5-mapping.def	package PUA U+F296; mapped to public Unicode; style-class solid
\faGitter	text	text	U+25A1	gitter			solid		lib-symb/fontawesome5/tex/latex/fontawesome5/fontawesome5-mapping.def	package PUA U+F426; mapped to public Unicode; style-class solid
\faGlassCheers	text	text	U+25A1	glass-cheers			solid		lib-symb/fontawesome5/tex/latex/fontawesome5/fontawesome5-mapping.def	package PUA U+F79F; mapped to public Unicode; style-class solid
\faGlassMartini	text	text	U+25A1	glass-martini			solid		lib-symb/fontawesome5/tex/latex/fontawesome5/fontawesome5-mapping.def	package PUA U+F000; mapped to public Unicode; style-class solid
\faGlassWhiskey	text	text	U+25A1	glass-whiskey			solid		lib-symb/fontawesome5/tex/latex/fontawesome5/fontawesome5-mapping.def	package PUA U+F7A0; mapped to public Unicode; style-class solid
\faGlasses	text	text	U+25A1	glasses			solid		lib-symb/fontawesome5/tex/latex/fontawesome5/fontawesome5-mapping.def	package PUA U+F530; mapped to public Unicode; style-class solid
\faGlide	text	text	U+25A1	glide			solid		lib-symb/fontawesome5/tex/latex/fontawesome5/fontawesome5-mapping.def	package PUA U+F2A5; mapped to public Unicode; style-class solid
\faGlideG	text	text	U+25A1	glide-g			solid		lib-symb/fontawesome5/tex/latex/fontawesome5/fontawesome5-mapping.def	package PUA U+F2A6; mapped to public Unicode; style-class solid
\faGlobe	text	text	U+1F310	globe			solid		lib-symb/fontawesome5/tex/latex/fontawesome5/fontawesome5-mapping.def	package PUA U+F0AC; mapped to public Unicode; style-class solid
\faGlobeAfrica	text	text	U+25A1	globe-africa			solid		lib-symb/fontawesome5/tex/latex/fontawesome5/fontawesome5-mapping.def	package PUA U+F57C; mapped to public Unicode; style-class solid
\faGlobeAmericas	text	text	U+25A1	globe-americas			solid		lib-symb/fontawesome5/tex/latex/fontawesome5/fontawesome5-mapping.def	package PUA U+F57D; mapped to public Unicode; style-class solid
\faGlobeAsia	text	text	U+25A1	globe-asia			solid		lib-symb/fontawesome5/tex/latex/fontawesome5/fontawesome5-mapping.def	package PUA U+F57E; mapped to public Unicode; style-class solid
\faGlobeEurope	text	text	U+25A1	globe-europe			solid		lib-symb/fontawesome5/tex/latex/fontawesome5/fontawesome5-mapping.def	package PUA U+F7A2; mapped to public Unicode; style-class solid
\faGofore	text	text	U+25A1	gofore			solid		lib-symb/fontawesome5/tex/latex/fontawesome5/fontawesome5-mapping.def	package PUA U+F3A7; mapped to public Unicode; style-class solid
\faGolfBall	text	text	U+25A1	golf-ball			solid		lib-symb/fontawesome5/tex/latex/fontawesome5/fontawesome5-mapping.def	package PUA U+F450; mapped to public Unicode; style-class solid
\faGoodreads	text	text	U+25A1	goodreads			solid		lib-symb/fontawesome5/tex/latex/fontawesome5/fontawesome5-mapping.def	package PUA U+F3A8; mapped to public Unicode; style-class solid
\faGoodreadsG	text	text	U+25A1	goodreads-g			solid		lib-symb/fontawesome5/tex/latex/fontawesome5/fontawesome5-mapping.def	package PUA U+F3A9; mapped to public Unicode; style-class solid
\faGoogle	text	text	U+1F310	google			solid		lib-symb/fontawesome5/tex/latex/fontawesome5/fontawesome5-mapping.def	package PUA U+F1A0; mapped to public Unicode; style-class solid
\faGoogleDrive	text	text	U+25A1	google-drive			solid		lib-symb/fontawesome5/tex/latex/fontawesome5/fontawesome5-mapping.def	package PUA U+F3AA; mapped to public Unicode; style-class solid
\faGooglePay	text	text	U+25A1	google-pay			solid		lib-symb/fontawesome5/tex/latex/fontawesome5/fontawesome5-mapping.def	package PUA U+E079; mapped to public Unicode; style-class solid
\faGooglePlay	text	text	U+25A1	google-play			solid		lib-symb/fontawesome5/tex/latex/fontawesome5/fontawesome5-mapping.def	package PUA U+F3AB; mapped to public Unicode; style-class solid
\faGooglePlus	text	text	U+25A1	google-plus			solid		lib-symb/fontawesome5/tex/latex/fontawesome5/fontawesome5-mapping.def	package PUA U+F2B3; mapped to public Unicode; style-class solid
\faGooglePlusG	text	text	U+25A1	google-plus-g			solid		lib-symb/fontawesome5/tex/latex/fontawesome5/fontawesome5-mapping.def	package PUA U+F0D5; mapped to public Unicode; style-class solid
\faGooglePlusSquare	text	text	U+25A1	google-plus-square			solid		lib-symb/fontawesome5/tex/latex/fontawesome5/fontawesome5-mapping.def	package PUA U+F0D4; mapped to public Unicode; style-class solid
\faGoogleWallet	text	text	U+25A1	google-wallet			solid		lib-symb/fontawesome5/tex/latex/fontawesome5/fontawesome5-mapping.def	package PUA U+F1EE; mapped to public Unicode; style-class solid
\faGopuram	text	text	U+25A1	gopuram			solid		lib-symb/fontawesome5/tex/latex/fontawesome5/fontawesome5-mapping.def	package PUA U+F664; mapped to public Unicode; style-class solid
\faGraduationCap	text	text	U+1F393	graduation-cap			solid		lib-symb/fontawesome5/tex/latex/fontawesome5/fontawesome5-mapping.def	package PUA U+F19D; mapped to public Unicode; style-class solid
\faGratipay	text	text	U+25A1	gratipay			solid		lib-symb/fontawesome5/tex/latex/fontawesome5/fontawesome5-mapping.def	package PUA U+F184; mapped to public Unicode; style-class solid
\faGrav	text	text	U+25A1	grav			solid		lib-symb/fontawesome5/tex/latex/fontawesome5/fontawesome5-mapping.def	package PUA U+F2D6; mapped to public Unicode; style-class solid
\faGreaterThan	text	text	U+25A1	greater-than			solid		lib-symb/fontawesome5/tex/latex/fontawesome5/fontawesome5-mapping.def	package PUA U+F531; mapped to public Unicode; style-class solid
\faGreaterThanEqual	text	text	U+25A1	greater-than-equal			solid		lib-symb/fontawesome5/tex/latex/fontawesome5/fontawesome5-mapping.def	package PUA U+F532; mapped to public Unicode; style-class solid
\faGrimace	text	text	U+25A1	grimace			solid		lib-symb/fontawesome5/tex/latex/fontawesome5/fontawesome5-mapping.def	package PUA U+F57F; mapped to public Unicode; style-class solid
\faGrin	text	text	U+25A1	grin			solid		lib-symb/fontawesome5/tex/latex/fontawesome5/fontawesome5-mapping.def	package PUA U+F580; mapped to public Unicode; style-class solid
\faGrinBeam	text	text	U+25A1	grin-beam			solid		lib-symb/fontawesome5/tex/latex/fontawesome5/fontawesome5-mapping.def	package PUA U+F582; mapped to public Unicode; style-class solid
\faGrinBeamSweat	text	text	U+25A1	grin-beam-sweat			solid		lib-symb/fontawesome5/tex/latex/fontawesome5/fontawesome5-mapping.def	package PUA U+F583; mapped to public Unicode; style-class solid
\faGrinHearts	text	text	U+25A1	grin-hearts			solid		lib-symb/fontawesome5/tex/latex/fontawesome5/fontawesome5-mapping.def	package PUA U+F584; mapped to public Unicode; style-class solid
\faGrinSquint	text	text	U+25A1	grin-squint			solid		lib-symb/fontawesome5/tex/latex/fontawesome5/fontawesome5-mapping.def	package PUA U+F585; mapped to public Unicode; style-class solid
\faGrinSquintTears	text	text	U+25A1	grin-squint-tears			solid		lib-symb/fontawesome5/tex/latex/fontawesome5/fontawesome5-mapping.def	package PUA U+F586; mapped to public Unicode; style-class solid
\faGrinStars	text	text	U+25A1	grin-stars			solid		lib-symb/fontawesome5/tex/latex/fontawesome5/fontawesome5-mapping.def	package PUA U+F587; mapped to public Unicode; style-class solid
\faGrinTears	text	text	U+25A1	grin-tears			solid		lib-symb/fontawesome5/tex/latex/fontawesome5/fontawesome5-mapping.def	package PUA U+F588; mapped to public Unicode; style-class solid
\faGrinTongue	text	text	U+25A1	grin-tongue			solid		lib-symb/fontawesome5/tex/latex/fontawesome5/fontawesome5-mapping.def	package PUA U+F589; mapped to public Unicode; style-class solid
\faGrinTongueSquint	text	text	U+25A1	grin-tongue-squint			solid		lib-symb/fontawesome5/tex/latex/fontawesome5/fontawesome5-mapping.def	package PUA U+F58A; mapped to public Unicode; style-class solid
\faGrinTongueWink	text	text	U+25A1	grin-tongue-wink			solid		lib-symb/fontawesome5/tex/latex/fontawesome5/fontawesome5-mapping.def	package PUA U+F58B; mapped to public Unicode; style-class solid
\faGrinWink	text	text	U+25A1	grin-wink			solid		lib-symb/fontawesome5/tex/latex/fontawesome5/fontawesome5-mapping.def	package PUA U+F58C; mapped to public Unicode; style-class solid
\faGripHorizontal	text	text	U+25A1	grip-horizontal			solid		lib-symb/fontawesome5/tex/latex/fontawesome5/fontawesome5-mapping.def	package PUA U+F58D; mapped to public Unicode; style-class solid
\faGripLines	text	text	U+25A1	grip-lines			solid		lib-symb/fontawesome5/tex/latex/fontawesome5/fontawesome5-mapping.def	package PUA U+F7A4; mapped to public Unicode; style-class solid
\faGripLinesVertical	text	text	U+25A1	grip-lines-vertical			solid		lib-symb/fontawesome5/tex/latex/fontawesome5/fontawesome5-mapping.def	package PUA U+F7A5; mapped to public Unicode; style-class solid
\faGripVertical	text	text	U+25A1	grip-vertical			solid		lib-symb/fontawesome5/tex/latex/fontawesome5/fontawesome5-mapping.def	package PUA U+F58E; mapped to public Unicode; style-class solid
\faGripfire	text	text	U+25A1	gripfire			solid		lib-symb/fontawesome5/tex/latex/fontawesome5/fontawesome5-mapping.def	package PUA U+F3AC; mapped to public Unicode; style-class solid
\faGrunt	text	text	U+25A1	grunt			solid		lib-symb/fontawesome5/tex/latex/fontawesome5/fontawesome5-mapping.def	package PUA U+F3AD; mapped to public Unicode; style-class solid
\faGuilded	text	text	U+25A1	guilded			solid		lib-symb/fontawesome5/tex/latex/fontawesome5/fontawesome5-mapping.def	package PUA U+E07E; mapped to public Unicode; style-class solid
\faGuitar	text	text	U+25A1	guitar			solid		lib-symb/fontawesome5/tex/latex/fontawesome5/fontawesome5-mapping.def	package PUA U+F7A6; mapped to public Unicode; style-class solid
\faGulp	text	text	U+25A1	gulp			solid		lib-symb/fontawesome5/tex/latex/fontawesome5/fontawesome5-mapping.def	package PUA U+F3AE; mapped to public Unicode; style-class solid
\faHSquare	text	text	U+25A1	h-square			solid		lib-symb/fontawesome5/tex/latex/fontawesome5/fontawesome5-mapping.def	package PUA U+F0FD; mapped to public Unicode; style-class solid
\faHackerNews	text	text	U+25A1	hacker-news			solid		lib-symb/fontawesome5/tex/latex/fontawesome5/fontawesome5-mapping.def	package PUA U+F1D4; mapped to public Unicode; style-class solid
\faHackerNewsSquare	text	text	U+25A1	hacker-news-square			solid		lib-symb/fontawesome5/tex/latex/fontawesome5/fontawesome5-mapping.def	package PUA U+F3AF; mapped to public Unicode; style-class solid
\faHackerrank	text	text	U+25A1	hackerrank			solid		lib-symb/fontawesome5/tex/latex/fontawesome5/fontawesome5-mapping.def	package PUA U+F5F7; mapped to public Unicode; style-class solid
\faHamburger	text	text	U+25A1	hamburger			solid		lib-symb/fontawesome5/tex/latex/fontawesome5/fontawesome5-mapping.def	package PUA U+F805; mapped to public Unicode; style-class solid
\faHammer	text	text	U+25A1	hammer			solid		lib-symb/fontawesome5/tex/latex/fontawesome5/fontawesome5-mapping.def	package PUA U+F6E3; mapped to public Unicode; style-class solid
\faHamsa	text	text	U+25A1	hamsa			solid		lib-symb/fontawesome5/tex/latex/fontawesome5/fontawesome5-mapping.def	package PUA U+F665; mapped to public Unicode; style-class solid
\faHandHolding	text	text	U+25A1	hand-holding			solid		lib-symb/fontawesome5/tex/latex/fontawesome5/fontawesome5-mapping.def	package PUA U+F4BD; mapped to public Unicode; style-class solid
\faHandHoldingHeart	text	text	U+25A1	hand-holding-heart			solid		lib-symb/fontawesome5/tex/latex/fontawesome5/fontawesome5-mapping.def	package PUA U+F4BE; mapped to public Unicode; style-class solid
\faHandHoldingMedical	text	text	U+25A1	hand-holding-medical			solid		lib-symb/fontawesome5/tex/latex/fontawesome5/fontawesome5-mapping.def	package PUA U+E05C; mapped to public Unicode; style-class solid
\faHandHoldingUsd	text	text	U+25A1	hand-holding-usd			solid		lib-symb/fontawesome5/tex/latex/fontawesome5/fontawesome5-mapping.def	package PUA U+F4C0; mapped to public Unicode; style-class solid
\faHandHoldingWater	text	text	U+25A1	hand-holding-water			solid		lib-symb/fontawesome5/tex/latex/fontawesome5/fontawesome5-mapping.def	package PUA U+F4C1; mapped to public Unicode; style-class solid
\faHandLizard	text	text	U+25A1	hand-lizard			solid		lib-symb/fontawesome5/tex/latex/fontawesome5/fontawesome5-mapping.def	package PUA U+F258; mapped to public Unicode; style-class solid
\faHandMiddleFinger	text	text	U+25A1	hand-middle-finger			solid		lib-symb/fontawesome5/tex/latex/fontawesome5/fontawesome5-mapping.def	package PUA U+F806; mapped to public Unicode; style-class solid
\faHandPaper	text	text	U+25A1	hand-paper			solid		lib-symb/fontawesome5/tex/latex/fontawesome5/fontawesome5-mapping.def	package PUA U+F256; mapped to public Unicode; style-class solid
\faHandPeace	text	text	U+25A1	hand-peace			solid		lib-symb/fontawesome5/tex/latex/fontawesome5/fontawesome5-mapping.def	package PUA U+F25B; mapped to public Unicode; style-class solid
\faHandPointDown	text	text	U+25A1	hand-point-down			solid		lib-symb/fontawesome5/tex/latex/fontawesome5/fontawesome5-mapping.def	package PUA U+F0A7; mapped to public Unicode; style-class solid
\faHandPointLeft	text	text	U+25A1	hand-point-left			solid		lib-symb/fontawesome5/tex/latex/fontawesome5/fontawesome5-mapping.def	package PUA U+F0A5; mapped to public Unicode; style-class solid
\faHandPointRight	text	text	U+25A1	hand-point-right			solid		lib-symb/fontawesome5/tex/latex/fontawesome5/fontawesome5-mapping.def	package PUA U+F0A4; mapped to public Unicode; style-class solid
\faHandPointUp	text	text	U+25A1	hand-point-up			solid		lib-symb/fontawesome5/tex/latex/fontawesome5/fontawesome5-mapping.def	package PUA U+F0A6; mapped to public Unicode; style-class solid
\faHandPointer	text	text	U+25A1	hand-pointer			solid		lib-symb/fontawesome5/tex/latex/fontawesome5/fontawesome5-mapping.def	package PUA U+F25A; mapped to public Unicode; style-class solid
\faHandRock	text	text	U+25A1	hand-rock			solid		lib-symb/fontawesome5/tex/latex/fontawesome5/fontawesome5-mapping.def	package PUA U+F255; mapped to public Unicode; style-class solid
\faHandScissors	text	text	U+25A1	hand-scissors			solid		lib-symb/fontawesome5/tex/latex/fontawesome5/fontawesome5-mapping.def	package PUA U+F257; mapped to public Unicode; style-class solid
\faHandSparkles	text	text	U+25A1	hand-sparkles			solid		lib-symb/fontawesome5/tex/latex/fontawesome5/fontawesome5-mapping.def	package PUA U+E05D; mapped to public Unicode; style-class solid
\faHandSpock	text	text	U+25A1	hand-spock			solid		lib-symb/fontawesome5/tex/latex/fontawesome5/fontawesome5-mapping.def	package PUA U+F259; mapped to public Unicode; style-class solid
\faHands	text	text	U+25A1	hands			solid		lib-symb/fontawesome5/tex/latex/fontawesome5/fontawesome5-mapping.def	package PUA U+F4C2; mapped to public Unicode; style-class solid
\faHandsHelping	text	text	U+25A1	hands-helping			solid		lib-symb/fontawesome5/tex/latex/fontawesome5/fontawesome5-mapping.def	package PUA U+F4C4; mapped to public Unicode; style-class solid
\faHandsWash	text	text	U+25A1	hands-wash			solid		lib-symb/fontawesome5/tex/latex/fontawesome5/fontawesome5-mapping.def	package PUA U+E05E; mapped to public Unicode; style-class solid
\faHandshake	text	text	U+25A1	handshake			solid		lib-symb/fontawesome5/tex/latex/fontawesome5/fontawesome5-mapping.def	package PUA U+F2B5; mapped to public Unicode; style-class solid
\faHandshakeAltSlash	text	text	U+25A1	handshake-alt-slash			solid		lib-symb/fontawesome5/tex/latex/fontawesome5/fontawesome5-mapping.def	package PUA U+E05F; mapped to public Unicode; style-class solid
\faHandshakeSlash	text	text	U+25A1	handshake-slash			solid		lib-symb/fontawesome5/tex/latex/fontawesome5/fontawesome5-mapping.def	package PUA U+E060; mapped to public Unicode; style-class solid
\faHanukiah	text	text	U+25A1	hanukiah			solid		lib-symb/fontawesome5/tex/latex/fontawesome5/fontawesome5-mapping.def	package PUA U+F6E6; mapped to public Unicode; style-class solid
\faHardHat	text	text	U+25A1	hard-hat			solid		lib-symb/fontawesome5/tex/latex/fontawesome5/fontawesome5-mapping.def	package PUA U+F807; mapped to public Unicode; style-class solid
\faHashtag	text	text	U+25A1	hashtag			solid		lib-symb/fontawesome5/tex/latex/fontawesome5/fontawesome5-mapping.def	package PUA U+F292; mapped to public Unicode; style-class solid
\faHatCowboy	text	text	U+25A1	hat-cowboy			solid		lib-symb/fontawesome5/tex/latex/fontawesome5/fontawesome5-mapping.def	package PUA U+F8C0; mapped to public Unicode; style-class solid
\faHatCowboySide	text	text	U+25A1	hat-cowboy-side			solid		lib-symb/fontawesome5/tex/latex/fontawesome5/fontawesome5-mapping.def	package PUA U+F8C1; mapped to public Unicode; style-class solid
\faHatWizard	text	text	U+25A1	hat-wizard			solid		lib-symb/fontawesome5/tex/latex/fontawesome5/fontawesome5-mapping.def	package PUA U+F6E8; mapped to public Unicode; style-class solid
\faHdd	text	text	U+1F5B4	hdd			solid		lib-symb/fontawesome5/tex/latex/fontawesome5/fontawesome5-mapping.def	package PUA U+F0A0; mapped to public Unicode; style-class solid
\faHeadSideCough	text	text	U+25A1	head-side-cough			solid		lib-symb/fontawesome5/tex/latex/fontawesome5/fontawesome5-mapping.def	package PUA U+E061; mapped to public Unicode; style-class solid
\faHeadSideCoughSlash	text	text	U+25A1	head-side-cough-slash			solid		lib-symb/fontawesome5/tex/latex/fontawesome5/fontawesome5-mapping.def	package PUA U+E062; mapped to public Unicode; style-class solid
\faHeadSideMask	text	text	U+25A1	head-side-mask			solid		lib-symb/fontawesome5/tex/latex/fontawesome5/fontawesome5-mapping.def	package PUA U+E063; mapped to public Unicode; style-class solid
\faHeadSideVirus	text	text	U+25A1	head-side-virus			solid		lib-symb/fontawesome5/tex/latex/fontawesome5/fontawesome5-mapping.def	package PUA U+E064; mapped to public Unicode; style-class solid
\faHeading	text	text	U+25A1	heading			solid		lib-symb/fontawesome5/tex/latex/fontawesome5/fontawesome5-mapping.def	package PUA U+F1DC; mapped to public Unicode; style-class solid
\faHeadphones	text	text	U+1F3A7	headphones			solid		lib-symb/fontawesome5/tex/latex/fontawesome5/fontawesome5-mapping.def	package PUA U+F025; mapped to public Unicode; style-class solid
\faHeadset	text	text	U+25A1	headset			solid		lib-symb/fontawesome5/tex/latex/fontawesome5/fontawesome5-mapping.def	package PUA U+F590; mapped to public Unicode; style-class solid
\faHeart	text	text	U+2665	heart			solid		lib-symb/fontawesome5/tex/latex/fontawesome5/fontawesome5-mapping.def	package PUA U+F004; mapped to public Unicode; style-class solid
\faHeartBroken	text	text	U+25A1	heart-broken			solid		lib-symb/fontawesome5/tex/latex/fontawesome5/fontawesome5-mapping.def	package PUA U+F7A9; mapped to public Unicode; style-class solid
\faHeartbeat	text	text	U+1F493	heartbeat			solid		lib-symb/fontawesome5/tex/latex/fontawesome5/fontawesome5-mapping.def	package PUA U+F21E; mapped to public Unicode; style-class solid
\faHelicopter	text	text	U+25A1	helicopter			solid		lib-symb/fontawesome5/tex/latex/fontawesome5/fontawesome5-mapping.def	package PUA U+F533; mapped to public Unicode; style-class solid
\faHighlighter	text	text	U+25A1	highlighter			solid		lib-symb/fontawesome5/tex/latex/fontawesome5/fontawesome5-mapping.def	package PUA U+F591; mapped to public Unicode; style-class solid
\faHiking	text	text	U+25A1	hiking			solid		lib-symb/fontawesome5/tex/latex/fontawesome5/fontawesome5-mapping.def	package PUA U+F6EC; mapped to public Unicode; style-class solid
\faHippo	text	text	U+25A1	hippo			solid		lib-symb/fontawesome5/tex/latex/fontawesome5/fontawesome5-mapping.def	package PUA U+F6ED; mapped to public Unicode; style-class solid
\faHips	text	text	U+25A1	hips			solid		lib-symb/fontawesome5/tex/latex/fontawesome5/fontawesome5-mapping.def	package PUA U+F452; mapped to public Unicode; style-class solid
\faHireAHelper	text	text	U+25A1	hire-a-helper			solid		lib-symb/fontawesome5/tex/latex/fontawesome5/fontawesome5-mapping.def	package PUA U+F3B0; mapped to public Unicode; style-class solid
\faHistory	text	text	U+1F504	history			solid		lib-symb/fontawesome5/tex/latex/fontawesome5/fontawesome5-mapping.def	package PUA U+F1DA; mapped to public Unicode; style-class solid
\faHive	text	text	U+25A1	hive			solid		lib-symb/fontawesome5/tex/latex/fontawesome5/fontawesome5-mapping.def	package PUA U+E07F; mapped to public Unicode; style-class solid
\faHockeyPuck	text	text	U+25A1	hockey-puck			solid		lib-symb/fontawesome5/tex/latex/fontawesome5/fontawesome5-mapping.def	package PUA U+F453; mapped to public Unicode; style-class solid
\faHollyBerry	text	text	U+25A1	holly-berry			solid		lib-symb/fontawesome5/tex/latex/fontawesome5/fontawesome5-mapping.def	package PUA U+F7AA; mapped to public Unicode; style-class solid
\faHome	text	text	U+1F3E0	home			solid		lib-symb/fontawesome5/tex/latex/fontawesome5/fontawesome5-mapping.def	package PUA U+F015; mapped to public Unicode; style-class solid
\faHooli	text	text	U+25A1	hooli			solid		lib-symb/fontawesome5/tex/latex/fontawesome5/fontawesome5-mapping.def	package PUA U+F427; mapped to public Unicode; style-class solid
\faHornbill	text	text	U+25A1	hornbill			solid		lib-symb/fontawesome5/tex/latex/fontawesome5/fontawesome5-mapping.def	package PUA U+F592; mapped to public Unicode; style-class solid
\faHorse	text	text	U+25A1	horse			solid		lib-symb/fontawesome5/tex/latex/fontawesome5/fontawesome5-mapping.def	package PUA U+F6F0; mapped to public Unicode; style-class solid
\faHorseHead	text	text	U+25A1	horse-head			solid		lib-symb/fontawesome5/tex/latex/fontawesome5/fontawesome5-mapping.def	package PUA U+F7AB; mapped to public Unicode; style-class solid
\faHospital	text	text	U+1F3E5	hospital			solid		lib-symb/fontawesome5/tex/latex/fontawesome5/fontawesome5-mapping.def	package PUA U+F0F8; mapped to public Unicode; style-class solid
\faHospitalSymbol	text	text	U+25A1	hospital-symbol			solid		lib-symb/fontawesome5/tex/latex/fontawesome5/fontawesome5-mapping.def	package PUA U+F47E; mapped to public Unicode; style-class solid
\faHospitalUser	text	text	U+25A1	hospital-user			solid		lib-symb/fontawesome5/tex/latex/fontawesome5/fontawesome5-mapping.def	package PUA U+F80D; mapped to public Unicode; style-class solid
\faHotTub	text	text	U+25A1	hot-tub			solid		lib-symb/fontawesome5/tex/latex/fontawesome5/fontawesome5-mapping.def	package PUA U+F593; mapped to public Unicode; style-class solid
\faHotdog	text	text	U+25A1	hotdog			solid		lib-symb/fontawesome5/tex/latex/fontawesome5/fontawesome5-mapping.def	package PUA U+F80F; mapped to public Unicode; style-class solid
\faHotel	text	text	U+25A1	hotel			solid		lib-symb/fontawesome5/tex/latex/fontawesome5/fontawesome5-mapping.def	package PUA U+F594; mapped to public Unicode; style-class solid
\faHotjar	text	text	U+25A1	hotjar			solid		lib-symb/fontawesome5/tex/latex/fontawesome5/fontawesome5-mapping.def	package PUA U+F3B1; mapped to public Unicode; style-class solid
\faHourglass	text	text	U+231B	hourglass			solid		lib-symb/fontawesome5/tex/latex/fontawesome5/fontawesome5-mapping.def	package PUA U+F254; mapped to public Unicode; style-class solid
\faHourglassEnd	text	text	U+25A1	hourglass-end			solid		lib-symb/fontawesome5/tex/latex/fontawesome5/fontawesome5-mapping.def	package PUA U+F253; mapped to public Unicode; style-class solid
\faHourglassHalf	text	text	U+25A1	hourglass-half			solid		lib-symb/fontawesome5/tex/latex/fontawesome5/fontawesome5-mapping.def	package PUA U+F252; mapped to public Unicode; style-class solid
\faHourglassStart	text	text	U+25A1	hourglass-start			solid		lib-symb/fontawesome5/tex/latex/fontawesome5/fontawesome5-mapping.def	package PUA U+F251; mapped to public Unicode; style-class solid
\faHouseDamage	text	text	U+25A1	house-damage			solid		lib-symb/fontawesome5/tex/latex/fontawesome5/fontawesome5-mapping.def	package PUA U+F6F1; mapped to public Unicode; style-class solid
\faHouseUser	text	text	U+25A1	house-user			solid		lib-symb/fontawesome5/tex/latex/fontawesome5/fontawesome5-mapping.def	package PUA U+E065; mapped to public Unicode; style-class solid
\faHouzz	text	text	U+25A1	houzz			solid		lib-symb/fontawesome5/tex/latex/fontawesome5/fontawesome5-mapping.def	package PUA U+F27C; mapped to public Unicode; style-class solid
\faHryvnia	text	text	U+25A1	hryvnia			solid		lib-symb/fontawesome5/tex/latex/fontawesome5/fontawesome5-mapping.def	package PUA U+F6F2; mapped to public Unicode; style-class solid
\faHubspot	text	text	U+25A1	hubspot			solid		lib-symb/fontawesome5/tex/latex/fontawesome5/fontawesome5-mapping.def	package PUA U+F3B2; mapped to public Unicode; style-class solid
\faICursor	text	text	U+25A1	i-cursor			solid		lib-symb/fontawesome5/tex/latex/fontawesome5/fontawesome5-mapping.def	package PUA U+F246; mapped to public Unicode; style-class solid
\faIceCream	text	text	U+25A1	ice-cream			solid		lib-symb/fontawesome5/tex/latex/fontawesome5/fontawesome5-mapping.def	package PUA U+F810; mapped to public Unicode; style-class solid
\faIcicles	text	text	U+25A1	icicles			solid		lib-symb/fontawesome5/tex/latex/fontawesome5/fontawesome5-mapping.def	package PUA U+F7AD; mapped to public Unicode; style-class solid
\faIcons	text	text	U+25A1	icons			solid		lib-symb/fontawesome5/tex/latex/fontawesome5/fontawesome5-mapping.def	package PUA U+F86D; mapped to public Unicode; style-class solid
\faIcon{500px}	text	text	U+1F517	500px			solid		lib-symb/fontawesome5/tex/latex/fontawesome5/fontawesome5-mapping.def	package PUA U+F26E; mapped to public Unicode; style-class solid
\faIcon{apple-alt}	text	text	U+25A1	apple-alt			solid		lib-symb/fontawesome5/tex/latex/fontawesome5/fontawesome5-mapping.def	package PUA U+F5D1; mapped to public Unicode; style-class solid
\faIcon{arrows-alt}	text	text	U+2194	arrows-alt			solid	\leftrightarrow	lib-symb/fontawesome5/tex/latex/fontawesome5/fontawesome5-mapping.def	package PUA U+F0B2; mapped to public Unicode; style-class solid
\faIcon{bus-alt}	text	text	U+25A1	bus-alt			solid		lib-symb/fontawesome5/tex/latex/fontawesome5/fontawesome5-mapping.def	package PUA U+F55E; mapped to public Unicode; style-class solid
\faIcon{calendar-alt}	text	text	U+25A1	calendar-alt			solid		lib-symb/fontawesome5/tex/latex/fontawesome5/fontawesome5-mapping.def	package PUA U+F073; mapped to public Unicode; style-class solid
\faIcon{car-alt}	text	text	U+25A1	car-alt			solid		lib-symb/fontawesome5/tex/latex/fontawesome5/fontawesome5-mapping.def	package PUA U+F5DE; mapped to public Unicode; style-class solid
\faIcon{cloud-download-alt}	text	text	U+1F4E5	cloud-download-alt			solid		lib-symb/fontawesome5/tex/latex/fontawesome5/fontawesome5-mapping.def	package PUA U+F381; mapped to public Unicode; style-class solid
\faIcon{cloud-upload-alt}	text	text	U+1F4E4	cloud-upload-alt			solid		lib-symb/fontawesome5/tex/latex/fontawesome5/fontawesome5-mapping.def	package PUA U+F382; mapped to public Unicode; style-class solid
\faIcon{comment-alt}	text	text	U+25A1	comment-alt			solid		lib-symb/fontawesome5/tex/latex/fontawesome5/fontawesome5-mapping.def	package PUA U+F27A; mapped to public Unicode; style-class solid
\faIcon{compress-alt}	text	text	U+25A1	compress-alt			solid		lib-symb/fontawesome5/tex/latex/fontawesome5/fontawesome5-mapping.def	package PUA U+F422; mapped to public Unicode; style-class solid
\faIcon{compress-arrows-alt}	text	text	U+25A1	compress-arrows-alt			solid		lib-symb/fontawesome5/tex/latex/fontawesome5/fontawesome5-mapping.def	package PUA U+F78C; mapped to public Unicode; style-class solid
\faIcon{creative-commons-pd-alt}	text	text	U+25A1	creative-commons-pd-alt			solid		lib-symb/fontawesome5/tex/latex/fontawesome5/fontawesome5-mapping.def	package PUA U+F4ED; mapped to public Unicode; style-class solid
\faIcon{crop-alt}	text	text	U+25A1	crop-alt			solid		lib-symb/fontawesome5/tex/latex/fontawesome5/fontawesome5-mapping.def	package PUA U+F565; mapped to public Unicode; style-class solid
\faIcon{css3-alt}	text	text	U+25A1	css3-alt			solid		lib-symb/fontawesome5/tex/latex/fontawesome5/fontawesome5-mapping.def	package PUA U+F38B; mapped to public Unicode; style-class solid
\faIcon{dice-d20}	text	text	U+25A1	dice-d20			solid		lib-symb/fontawesome5/tex/latex/fontawesome5/fontawesome5-mapping.def	package PUA U+F6CF; mapped to public Unicode; style-class solid
\faIcon{dice-d6}	text	text	U+25A1	dice-d6			solid		lib-symb/fontawesome5/tex/latex/fontawesome5/fontawesome5-mapping.def	package PUA U+F6D1; mapped to public Unicode; style-class solid
\faIcon{exchange-alt}	text	text	U+25A1	exchange-alt			solid		lib-symb/fontawesome5/tex/latex/fontawesome5/fontawesome5-mapping.def	package PUA U+F362; mapped to public Unicode; style-class solid
\faIcon{expand-alt}	text	text	U+25A1	expand-alt			solid		lib-symb/fontawesome5/tex/latex/fontawesome5/fontawesome5-mapping.def	package PUA U+F424; mapped to public Unicode; style-class solid
\faIcon{expand-arrows-alt}	text	text	U+25A1	expand-arrows-alt			solid		lib-symb/fontawesome5/tex/latex/fontawesome5/fontawesome5-mapping.def	package PUA U+F31E; mapped to public Unicode; style-class solid
\faIcon{external-link-alt}	text	text	U+2197	external-link-alt			solid	\nearrow	lib-symb/fontawesome5/tex/latex/fontawesome5/fontawesome5-mapping.def	package PUA U+F35D; mapped to public Unicode; style-class solid
\faIcon{external-link-square-alt}	text	text	U+25A1	external-link-square-alt			solid		lib-symb/fontawesome5/tex/latex/fontawesome5/fontawesome5-mapping.def	package PUA U+F360; mapped to public Unicode; style-class solid
\faIcon{feather-alt}	text	text	U+25A1	feather-alt			solid		lib-symb/fontawesome5/tex/latex/fontawesome5/fontawesome5-mapping.def	package PUA U+F56B; mapped to public Unicode; style-class solid
\faIcon{file-alt}	text	text	U+1F4C4	file-alt			solid		lib-symb/fontawesome5/tex/latex/fontawesome5/fontawesome5-mapping.def	package PUA U+F15C; mapped to public Unicode; style-class solid
\faIcon{file-medical-alt}	text	text	U+25A1	file-medical-alt			solid		lib-symb/fontawesome5/tex/latex/fontawesome5/fontawesome5-mapping.def	package PUA U+F478; mapped to public Unicode; style-class solid
\faIcon{fire-alt}	text	text	U+25A1	fire-alt			solid		lib-symb/fontawesome5/tex/latex/fontawesome5/fontawesome5-mapping.def	package PUA U+F7E4; mapped to public Unicode; style-class solid
\faIcon{first-order-alt}	text	text	U+25A1	first-order-alt			solid		lib-symb/fontawesome5/tex/latex/fontawesome5/fontawesome5-mapping.def	package PUA U+F50A; mapped to public Unicode; style-class solid
\faIcon{font-awesome-alt}	text	text	U+25A1	font-awesome-alt			solid		lib-symb/fontawesome5/tex/latex/fontawesome5/fontawesome5-mapping.def	package PUA U+F35C; mapped to public Unicode; style-class solid
\faIcon{fort-awesome-alt}	text	text	U+25A1	fort-awesome-alt			solid		lib-symb/fontawesome5/tex/latex/fontawesome5/fontawesome5-mapping.def	package PUA U+F3A3; mapped to public Unicode; style-class solid
\faIcon{git-alt}	text	text	U+25A1	git-alt			solid		lib-symb/fontawesome5/tex/latex/fontawesome5/fontawesome5-mapping.def	package PUA U+F841; mapped to public Unicode; style-class solid
\faIcon{github-alt}	text	text	U+25A1	github-alt			solid		lib-symb/fontawesome5/tex/latex/fontawesome5/fontawesome5-mapping.def	package PUA U+F113; mapped to public Unicode; style-class solid
\faIcon{glass-martini-alt}	text	text	U+25A1	glass-martini-alt			solid		lib-symb/fontawesome5/tex/latex/fontawesome5/fontawesome5-mapping.def	package PUA U+F57B; mapped to public Unicode; style-class solid
\faIcon{grin-alt}	text	text	U+25A1	grin-alt			solid		lib-symb/fontawesome5/tex/latex/fontawesome5/fontawesome5-mapping.def	package PUA U+F581; mapped to public Unicode; style-class solid
\faIcon{headphones-alt}	text	text	U+25A1	headphones-alt			solid		lib-symb/fontawesome5/tex/latex/fontawesome5/fontawesome5-mapping.def	package PUA U+F58F; mapped to public Unicode; style-class solid
\faIcon{hospital-alt}	text	text	U+25A1	hospital-alt			solid		lib-symb/fontawesome5/tex/latex/fontawesome5/fontawesome5-mapping.def	package PUA U+F47D; mapped to public Unicode; style-class solid
\faIcon{id-card-alt}	text	text	U+25A1	id-card-alt			solid		lib-symb/fontawesome5/tex/latex/fontawesome5/fontawesome5-mapping.def	package PUA U+F47F; mapped to public Unicode; style-class solid
\faIcon{level-down-alt}	text	text	U+25A1	level-down-alt			solid		lib-symb/fontawesome5/tex/latex/fontawesome5/fontawesome5-mapping.def	package PUA U+F3BE; mapped to public Unicode; style-class solid
\faIcon{level-up-alt}	text	text	U+25A1	level-up-alt			solid		lib-symb/fontawesome5/tex/latex/fontawesome5/fontawesome5-mapping.def	package PUA U+F3BF; mapped to public Unicode; style-class solid
\faIcon{list-alt}	text	text	U+25A1	list-alt			solid		lib-symb/fontawesome5/tex/latex/fontawesome5/fontawesome5-mapping.def	package PUA U+F022; mapped to public Unicode; style-class solid
\faIcon{map-marked-alt}	text	text	U+25A1	map-marked-alt			solid		lib-symb/fontawesome5/tex/latex/fontawesome5/fontawesome5-mapping.def	package PUA U+F5A0; mapped to public Unicode; style-class solid
\faIcon{map-marker-alt}	text	text	U+1F4CD	map-marker-alt			solid		lib-symb/fontawesome5/tex/latex/fontawesome5/fontawesome5-mapping.def	package PUA U+F3C5; mapped to public Unicode; style-class solid
\faIcon{microphone-alt}	text	text	U+25A1	microphone-alt			solid		lib-symb/fontawesome5/tex/latex/fontawesome5/fontawesome5-mapping.def	package PUA U+F3C9; mapped to public Unicode; style-class solid
\faIcon{mobile-alt}	text	text	U+1F4F1	mobile-alt			solid		lib-symb/fontawesome5/tex/latex/fontawesome5/fontawesome5-mapping.def	package PUA U+F3CD; mapped to public Unicode; style-class solid
\faIcon{money-bill-alt}	text	text	U+25A1	money-bill-alt			solid		lib-symb/fontawesome5/tex/latex/fontawesome5/fontawesome5-mapping.def	package PUA U+F3D1; mapped to public Unicode; style-class solid
\faIcon{money-bill-wave-alt}	text	text	U+25A1	money-bill-wave-alt			solid		lib-symb/fontawesome5/tex/latex/fontawesome5/fontawesome5-mapping.def	package PUA U+F53B; mapped to public Unicode; style-class solid
\faIcon{money-check-alt}	text	text	U+25A1	money-check-alt			solid		lib-symb/fontawesome5/tex/latex/fontawesome5/fontawesome5-mapping.def	package PUA U+F53D; mapped to public Unicode; style-class solid
\faIcon{pen-alt}	text	text	U+25A1	pen-alt			solid		lib-symb/fontawesome5/tex/latex/fontawesome5/fontawesome5-mapping.def	package PUA U+F305; mapped to public Unicode; style-class solid
\faIcon{pencil-alt}	text	text	U+270E	pencil-alt			solid		lib-symb/fontawesome5/tex/latex/fontawesome5/fontawesome5-mapping.def	package PUA U+F303; mapped to public Unicode; style-class solid
\faIcon{phone-alt}	text	text	U+25A1	phone-alt			solid		lib-symb/fontawesome5/tex/latex/fontawesome5/fontawesome5-mapping.def	package PUA U+F879; mapped to public Unicode; style-class solid
\faIcon{phone-square-alt}	text	text	U+25A1	phone-square-alt			solid		lib-symb/fontawesome5/tex/latex/fontawesome5/fontawesome5-mapping.def	package PUA U+F87B; mapped to public Unicode; style-class solid
\faIcon{pied-piper-alt}	text	text	U+25A1	pied-piper-alt			solid		lib-symb/fontawesome5/tex/latex/fontawesome5/fontawesome5-mapping.def	package PUA U+F1A8; mapped to public Unicode; style-class solid
\faIcon{prescription-bottle-alt}	text	text	U+25A1	prescription-bottle-alt			solid		lib-symb/fontawesome5/tex/latex/fontawesome5/fontawesome5-mapping.def	package PUA U+F486; mapped to public Unicode; style-class solid
\faIcon{radiation-alt}	text	text	U+25A1	radiation-alt			solid		lib-symb/fontawesome5/tex/latex/fontawesome5/fontawesome5-mapping.def	package PUA U+F7BA; mapped to public Unicode; style-class solid
\faIcon{redo-alt}	text	text	U+21BB	redo-alt			solid	\circlearrowright	lib-symb/fontawesome5/tex/latex/fontawesome5/fontawesome5-mapping.def	package PUA U+F2F9; mapped to public Unicode; style-class solid
\faIcon{share-alt}	text	text	U+1F4E4	share-alt			solid		lib-symb/fontawesome5/tex/latex/fontawesome5/fontawesome5-mapping.def	package PUA U+F1E0; mapped to public Unicode; style-class solid
\faIcon{shield-alt}	text	text	U+1F6E1	shield-alt			solid		lib-symb/fontawesome5/tex/latex/fontawesome5/fontawesome5-mapping.def	package PUA U+F3ED; mapped to public Unicode; style-class solid
\faIcon{sign-in-alt}	text	text	U+25A1	sign-in-alt			solid		lib-symb/fontawesome5/tex/latex/fontawesome5/fontawesome5-mapping.def	package PUA U+F2F6; mapped to public Unicode; style-class solid
\faIcon{sign-out-alt}	text	text	U+25A1	sign-out-alt			solid		lib-symb/fontawesome5/tex/latex/fontawesome5/fontawesome5-mapping.def	package PUA U+F2F5; mapped to public Unicode; style-class solid
\faIcon{signal}	text	text	U+1F4F6	signal			solid		lib-symb/fontawesome5/tex/latex/fontawesome5/fontawesome5-mapping.def	package PUA U+F012; mapped to public Unicode; style-class solid
\faIcon{sort-alpha-down-alt}	text	text	U+25A1	sort-alpha-down-alt			solid		lib-symb/fontawesome5/tex/latex/fontawesome5/fontawesome5-mapping.def	package PUA U+F881; mapped to public Unicode; style-class solid
\faIcon{sort-alpha-up-alt}	text	text	U+25A1	sort-alpha-up-alt			solid		lib-symb/fontawesome5/tex/latex/fontawesome5/fontawesome5-mapping.def	package PUA U+F882; mapped to public Unicode; style-class solid
\faIcon{sort-amount-down-alt}	text	text	U+25A1	sort-amount-down-alt			solid		lib-symb/fontawesome5/tex/latex/fontawesome5/fontawesome5-mapping.def	package PUA U+F884; mapped to public Unicode; style-class solid
\faIcon{sort-amount-up-alt}	text	text	U+25A1	sort-amount-up-alt			solid		lib-symb/fontawesome5/tex/latex/fontawesome5/fontawesome5-mapping.def	package PUA U+F885; mapped to public Unicode; style-class solid
\faIcon{sort-numeric-down-alt}	text	text	U+25A1	sort-numeric-down-alt			solid		lib-symb/fontawesome5/tex/latex/fontawesome5/fontawesome5-mapping.def	package PUA U+F886; mapped to public Unicode; style-class solid
\faIcon{sort-numeric-up-alt}	text	text	U+25A1	sort-numeric-up-alt			solid		lib-symb/fontawesome5/tex/latex/fontawesome5/fontawesome5-mapping.def	package PUA U+F887; mapped to public Unicode; style-class solid
\faIcon{square-root-alt}	text	text	U+25A1	square-root-alt			solid		lib-symb/fontawesome5/tex/latex/fontawesome5/fontawesome5-mapping.def	package PUA U+F698; mapped to public Unicode; style-class solid
\faIcon{star-half-alt}	text	text	U+25A1	star-half-alt			solid		lib-symb/fontawesome5/tex/latex/fontawesome5/fontawesome5-mapping.def	package PUA U+F5C0; mapped to public Unicode; style-class solid
\faIcon{stopwatch-20}	text	text	U+25A1	stopwatch-20			solid		lib-symb/fontawesome5/tex/latex/fontawesome5/fontawesome5-mapping.def	package PUA U+E06F; mapped to public Unicode; style-class solid
\faIcon{stopwatch}	text	text	U+25A1	stopwatch			solid		lib-symb/fontawesome5/tex/latex/fontawesome5/fontawesome5-mapping.def	package PUA U+F2F2; mapped to public Unicode; style-class solid
\faIcon{store-alt}	text	text	U+25A1	store-alt			solid		lib-symb/fontawesome5/tex/latex/fontawesome5/fontawesome5-mapping.def	package PUA U+F54F; mapped to public Unicode; style-class solid
\faIcon{sync-alt}	text	text	U+1F504	sync-alt			solid		lib-symb/fontawesome5/tex/latex/fontawesome5/fontawesome5-mapping.def	package PUA U+F2F1; mapped to public Unicode; style-class solid
\faIcon{tablet-alt}	text	text	U+25A1	tablet-alt			solid		lib-symb/fontawesome5/tex/latex/fontawesome5/fontawesome5-mapping.def	package PUA U+F3FA; mapped to public Unicode; style-class solid
\faIcon{tachometer-alt}	text	text	U+25A1	tachometer-alt			solid		lib-symb/fontawesome5/tex/latex/fontawesome5/fontawesome5-mapping.def	package PUA U+F3FD; mapped to public Unicode; style-class solid
\faIcon{ticket-alt}	text	text	U+1F3AB	ticket-alt			solid		lib-symb/fontawesome5/tex/latex/fontawesome5/fontawesome5-mapping.def	package PUA U+F3FF; mapped to public Unicode; style-class solid
\faIcon{transgender-alt}	text	text	U+25A1	transgender-alt			solid		lib-symb/fontawesome5/tex/latex/fontawesome5/fontawesome5-mapping.def	package PUA U+F225; mapped to public Unicode; style-class solid
\faIcon{trash-alt}	text	text	U+1F5D1	trash-alt			solid		lib-symb/fontawesome5/tex/latex/fontawesome5/fontawesome5-mapping.def	package PUA U+F2ED; mapped to public Unicode; style-class solid
\faIcon{trash-restore-alt}	text	text	U+25A1	trash-restore-alt			solid		lib-symb/fontawesome5/tex/latex/fontawesome5/fontawesome5-mapping.def	package PUA U+F82A; mapped to public Unicode; style-class solid
\faIcon{undo-alt}	text	text	U+21BA	undo-alt			solid	\circlearrowleft	lib-symb/fontawesome5/tex/latex/fontawesome5/fontawesome5-mapping.def	package PUA U+F2EA; mapped to public Unicode; style-class solid
\faIcon{unlock-alt}	text	text	U+1F513	unlock-alt			solid		lib-symb/fontawesome5/tex/latex/fontawesome5/fontawesome5-mapping.def	package PUA U+F13E; mapped to public Unicode; style-class solid
\faIcon{user-alt}	text	text	U+1F464	user-alt			solid		lib-symb/fontawesome5/tex/latex/fontawesome5/fontawesome5-mapping.def	package PUA U+F406; mapped to public Unicode; style-class solid
\faIcon{wifi}	text	text	U+1F4F6	wifi			solid		lib-symb/fontawesome5/tex/latex/fontawesome5/fontawesome5-mapping.def	package PUA U+F1EB; mapped to public Unicode; style-class solid
\faIcon{wine-glass-alt}	text	text	U+25A1	wine-glass-alt			solid		lib-symb/fontawesome5/tex/latex/fontawesome5/fontawesome5-mapping.def	package PUA U+F5CE; mapped to public Unicode; style-class solid
\faIdBadge	text	text	U+25A1	id-badge			solid		lib-symb/fontawesome5/tex/latex/fontawesome5/fontawesome5-mapping.def	package PUA U+F2C1; mapped to public Unicode; style-class solid
\faIdCard	text	text	U+25A1	id-card			solid		lib-symb/fontawesome5/tex/latex/fontawesome5/fontawesome5-mapping.def	package PUA U+F2C2; mapped to public Unicode; style-class solid
\faIdeal	text	text	U+25A1	ideal			solid		lib-symb/fontawesome5/tex/latex/fontawesome5/fontawesome5-mapping.def	package PUA U+E013; mapped to public Unicode; style-class solid
\faIgloo	text	text	U+25A1	igloo			solid		lib-symb/fontawesome5/tex/latex/fontawesome5/fontawesome5-mapping.def	package PUA U+F7AE; mapped to public Unicode; style-class solid
\faImage	text	text	U+1F5BC	image			solid		lib-symb/fontawesome5/tex/latex/fontawesome5/fontawesome5-mapping.def	package PUA U+F03E; mapped to public Unicode; style-class solid
\faImages	text	text	U+25A1	images			solid		lib-symb/fontawesome5/tex/latex/fontawesome5/fontawesome5-mapping.def	package PUA U+F302; mapped to public Unicode; style-class solid
\faImdb	text	text	U+25A1	imdb			solid		lib-symb/fontawesome5/tex/latex/fontawesome5/fontawesome5-mapping.def	package PUA U+F2D8; mapped to public Unicode; style-class solid
\faInbox	text	text	U+1F4E5	inbox			solid		lib-symb/fontawesome5/tex/latex/fontawesome5/fontawesome5-mapping.def	package PUA U+F01C; mapped to public Unicode; style-class solid
\faIndent	text	text	U+25A1	indent			solid		lib-symb/fontawesome5/tex/latex/fontawesome5/fontawesome5-mapping.def	package PUA U+F03C; mapped to public Unicode; style-class solid
\faIndustry	text	text	U+25A1	industry			solid		lib-symb/fontawesome5/tex/latex/fontawesome5/fontawesome5-mapping.def	package PUA U+F275; mapped to public Unicode; style-class solid
\faInfinity	text	text	U+25A1	infinity			solid		lib-symb/fontawesome5/tex/latex/fontawesome5/fontawesome5-mapping.def	package PUA U+F534; mapped to public Unicode; style-class solid
\faInfo	text	text	U+2139	info			solid		lib-symb/fontawesome5/tex/latex/fontawesome5/fontawesome5-mapping.def	package PUA U+F129; mapped to public Unicode; style-class solid
\faInfoCircle	text	text	U+2139	info-circle			solid		lib-symb/fontawesome5/tex/latex/fontawesome5/fontawesome5-mapping.def	package PUA U+F05A; mapped to public Unicode; style-class solid
\faInnosoft	text	text	U+25A1	innosoft			solid		lib-symb/fontawesome5/tex/latex/fontawesome5/fontawesome5-mapping.def	package PUA U+E080; mapped to public Unicode; style-class solid
\faInstagram	text	text	U+25A1	instagram			solid		lib-symb/fontawesome5/tex/latex/fontawesome5/fontawesome5-mapping.def	package PUA U+F16D; mapped to public Unicode; style-class solid
\faInstagramSquare	text	text	U+25A1	instagram-square			solid		lib-symb/fontawesome5/tex/latex/fontawesome5/fontawesome5-mapping.def	package PUA U+E055; mapped to public Unicode; style-class solid
\faInstalod	text	text	U+25A1	instalod			solid		lib-symb/fontawesome5/tex/latex/fontawesome5/fontawesome5-mapping.def	package PUA U+E081; mapped to public Unicode; style-class solid
\faIntercom	text	text	U+25A1	intercom			solid		lib-symb/fontawesome5/tex/latex/fontawesome5/fontawesome5-mapping.def	package PUA U+F7AF; mapped to public Unicode; style-class solid
\faInternetExplorer	text	text	U+25A1	internet-explorer			solid		lib-symb/fontawesome5/tex/latex/fontawesome5/fontawesome5-mapping.def	package PUA U+F26B; mapped to public Unicode; style-class solid
\faInvision	text	text	U+25A1	invision			solid		lib-symb/fontawesome5/tex/latex/fontawesome5/fontawesome5-mapping.def	package PUA U+F7B0; mapped to public Unicode; style-class solid
\faIoxhost	text	text	U+25A1	ioxhost			solid		lib-symb/fontawesome5/tex/latex/fontawesome5/fontawesome5-mapping.def	package PUA U+F208; mapped to public Unicode; style-class solid
\faItalic	text	text	U+1D408	italic			solid		lib-symb/fontawesome5/tex/latex/fontawesome5/fontawesome5-mapping.def	package PUA U+F033; mapped to public Unicode; style-class solid
\faItchIo	text	text	U+25A1	itch-io			solid		lib-symb/fontawesome5/tex/latex/fontawesome5/fontawesome5-mapping.def	package PUA U+F83A; mapped to public Unicode; style-class solid
\faItunes	text	text	U+25A1	itunes			solid		lib-symb/fontawesome5/tex/latex/fontawesome5/fontawesome5-mapping.def	package PUA U+F3B4; mapped to public Unicode; style-class solid
\faItunesNote	text	text	U+25A1	itunes-note			solid		lib-symb/fontawesome5/tex/latex/fontawesome5/fontawesome5-mapping.def	package PUA U+F3B5; mapped to public Unicode; style-class solid
\faJava	text	text	U+25A1	java			solid		lib-symb/fontawesome5/tex/latex/fontawesome5/fontawesome5-mapping.def	package PUA U+F4E4; mapped to public Unicode; style-class solid
\faJedi	text	text	U+25A1	jedi			solid		lib-symb/fontawesome5/tex/latex/fontawesome5/fontawesome5-mapping.def	package PUA U+F669; mapped to public Unicode; style-class solid
\faJediOrder	text	text	U+25A1	jedi-order			solid		lib-symb/fontawesome5/tex/latex/fontawesome5/fontawesome5-mapping.def	package PUA U+F50E; mapped to public Unicode; style-class solid
\faJenkins	text	text	U+25A1	jenkins			solid		lib-symb/fontawesome5/tex/latex/fontawesome5/fontawesome5-mapping.def	package PUA U+F3B6; mapped to public Unicode; style-class solid
\faJira	text	text	U+25A1	jira			solid		lib-symb/fontawesome5/tex/latex/fontawesome5/fontawesome5-mapping.def	package PUA U+F7B1; mapped to public Unicode; style-class solid
\faJoget	text	text	U+25A1	joget			solid		lib-symb/fontawesome5/tex/latex/fontawesome5/fontawesome5-mapping.def	package PUA U+F3B7; mapped to public Unicode; style-class solid
\faJoint	text	text	U+25A1	joint			solid		lib-symb/fontawesome5/tex/latex/fontawesome5/fontawesome5-mapping.def	package PUA U+F595; mapped to public Unicode; style-class solid
\faJoomla	text	text	U+25A1	joomla			solid		lib-symb/fontawesome5/tex/latex/fontawesome5/fontawesome5-mapping.def	package PUA U+F1AA; mapped to public Unicode; style-class solid
\faJournalWhills	text	text	U+25A1	journal-whills			solid		lib-symb/fontawesome5/tex/latex/fontawesome5/fontawesome5-mapping.def	package PUA U+F66A; mapped to public Unicode; style-class solid
\faJs	text	text	U+25A1	js			solid		lib-symb/fontawesome5/tex/latex/fontawesome5/fontawesome5-mapping.def	package PUA U+F3B8; mapped to public Unicode; style-class solid
\faJsSquare	text	text	U+25A1	js-square			solid		lib-symb/fontawesome5/tex/latex/fontawesome5/fontawesome5-mapping.def	package PUA U+F3B9; mapped to public Unicode; style-class solid
\faJsfiddle	text	text	U+25A1	jsfiddle			solid		lib-symb/fontawesome5/tex/latex/fontawesome5/fontawesome5-mapping.def	package PUA U+F1CC; mapped to public Unicode; style-class solid
\faKaaba	text	text	U+25A1	kaaba			solid		lib-symb/fontawesome5/tex/latex/fontawesome5/fontawesome5-mapping.def	package PUA U+F66B; mapped to public Unicode; style-class solid
\faKaggle	text	text	U+25A1	kaggle			solid		lib-symb/fontawesome5/tex/latex/fontawesome5/fontawesome5-mapping.def	package PUA U+F5FA; mapped to public Unicode; style-class solid
\faKey	text	text	U+1F511	key			solid		lib-symb/fontawesome5/tex/latex/fontawesome5/fontawesome5-mapping.def	package PUA U+F084; mapped to public Unicode; style-class solid
\faKeybase	text	text	U+25A1	keybase			solid		lib-symb/fontawesome5/tex/latex/fontawesome5/fontawesome5-mapping.def	package PUA U+F4F5; mapped to public Unicode; style-class solid
\faKeyboard	text	text	U+2328	keyboard			solid		lib-symb/fontawesome5/tex/latex/fontawesome5/fontawesome5-mapping.def	package PUA U+F11C; mapped to public Unicode; style-class solid
\faKeycdn	text	text	U+25A1	keycdn			solid		lib-symb/fontawesome5/tex/latex/fontawesome5/fontawesome5-mapping.def	package PUA U+F3BA; mapped to public Unicode; style-class solid
\faKhanda	text	text	U+25A1	khanda			solid		lib-symb/fontawesome5/tex/latex/fontawesome5/fontawesome5-mapping.def	package PUA U+F66D; mapped to public Unicode; style-class solid
\faKickstarter	text	text	U+25A1	kickstarter			solid		lib-symb/fontawesome5/tex/latex/fontawesome5/fontawesome5-mapping.def	package PUA U+F3BB; mapped to public Unicode; style-class solid
\faKickstarterK	text	text	U+25A1	kickstarter-k			solid		lib-symb/fontawesome5/tex/latex/fontawesome5/fontawesome5-mapping.def	package PUA U+F3BC; mapped to public Unicode; style-class solid
\faKiss	text	text	U+25A1	kiss			solid		lib-symb/fontawesome5/tex/latex/fontawesome5/fontawesome5-mapping.def	package PUA U+F596; mapped to public Unicode; style-class solid
\faKissBeam	text	text	U+25A1	kiss-beam			solid		lib-symb/fontawesome5/tex/latex/fontawesome5/fontawesome5-mapping.def	package PUA U+F597; mapped to public Unicode; style-class solid
\faKissWinkHeart	text	text	U+25A1	kiss-wink-heart			solid		lib-symb/fontawesome5/tex/latex/fontawesome5/fontawesome5-mapping.def	package PUA U+F598; mapped to public Unicode; style-class solid
\faKiwiBird	text	text	U+25A1	kiwi-bird			solid		lib-symb/fontawesome5/tex/latex/fontawesome5/fontawesome5-mapping.def	package PUA U+F535; mapped to public Unicode; style-class solid
\faKorvue	text	text	U+25A1	korvue			solid		lib-symb/fontawesome5/tex/latex/fontawesome5/fontawesome5-mapping.def	package PUA U+F42F; mapped to public Unicode; style-class solid
\faLandmark	text	text	U+25A1	landmark			solid		lib-symb/fontawesome5/tex/latex/fontawesome5/fontawesome5-mapping.def	package PUA U+F66F; mapped to public Unicode; style-class solid
\faLanguage	text	text	U+1F310	language			solid		lib-symb/fontawesome5/tex/latex/fontawesome5/fontawesome5-mapping.def	package PUA U+F1AB; mapped to public Unicode; style-class solid
\faLaptop	text	text	U+1F4BB	laptop			solid		lib-symb/fontawesome5/tex/latex/fontawesome5/fontawesome5-mapping.def	package PUA U+F109; mapped to public Unicode; style-class solid
\faLaptopCode	text	text	U+25A1	laptop-code			solid		lib-symb/fontawesome5/tex/latex/fontawesome5/fontawesome5-mapping.def	package PUA U+F5FC; mapped to public Unicode; style-class solid
\faLaptopHouse	text	text	U+25A1	laptop-house			solid		lib-symb/fontawesome5/tex/latex/fontawesome5/fontawesome5-mapping.def	package PUA U+E066; mapped to public Unicode; style-class solid
\faLaptopMedical	text	text	U+25A1	laptop-medical			solid		lib-symb/fontawesome5/tex/latex/fontawesome5/fontawesome5-mapping.def	package PUA U+F812; mapped to public Unicode; style-class solid
\faLaravel	text	text	U+25A1	laravel			solid		lib-symb/fontawesome5/tex/latex/fontawesome5/fontawesome5-mapping.def	package PUA U+F3BD; mapped to public Unicode; style-class solid
\faLastfm	text	text	U+25A1	lastfm			solid		lib-symb/fontawesome5/tex/latex/fontawesome5/fontawesome5-mapping.def	package PUA U+F202; mapped to public Unicode; style-class solid
\faLastfmSquare	text	text	U+25A1	lastfm-square			solid		lib-symb/fontawesome5/tex/latex/fontawesome5/fontawesome5-mapping.def	package PUA U+F203; mapped to public Unicode; style-class solid
\faLaugh	text	text	U+25A1	laugh			solid		lib-symb/fontawesome5/tex/latex/fontawesome5/fontawesome5-mapping.def	package PUA U+F599; mapped to public Unicode; style-class solid
\faLaughBeam	text	text	U+25A1	laugh-beam			solid		lib-symb/fontawesome5/tex/latex/fontawesome5/fontawesome5-mapping.def	package PUA U+F59A; mapped to public Unicode; style-class solid
\faLaughSquint	text	text	U+25A1	laugh-squint			solid		lib-symb/fontawesome5/tex/latex/fontawesome5/fontawesome5-mapping.def	package PUA U+F59B; mapped to public Unicode; style-class solid
\faLaughWink	text	text	U+25A1	laugh-wink			solid		lib-symb/fontawesome5/tex/latex/fontawesome5/fontawesome5-mapping.def	package PUA U+F59C; mapped to public Unicode; style-class solid
\faLayerGroup	text	text	U+25A1	layer-group			solid		lib-symb/fontawesome5/tex/latex/fontawesome5/fontawesome5-mapping.def	package PUA U+F5FD; mapped to public Unicode; style-class solid
\faLeaf	text	text	U+1F343	leaf			solid		lib-symb/fontawesome5/tex/latex/fontawesome5/fontawesome5-mapping.def	package PUA U+F06C; mapped to public Unicode; style-class solid
\faLeanpub	text	text	U+25A1	leanpub			solid		lib-symb/fontawesome5/tex/latex/fontawesome5/fontawesome5-mapping.def	package PUA U+F212; mapped to public Unicode; style-class solid
\faLemon	text	text	U+1F34B	lemon			solid		lib-symb/fontawesome5/tex/latex/fontawesome5/fontawesome5-mapping.def	package PUA U+F094; mapped to public Unicode; style-class solid
\faLess	text	text	U+25A1	less			solid		lib-symb/fontawesome5/tex/latex/fontawesome5/fontawesome5-mapping.def	package PUA U+F41D; mapped to public Unicode; style-class solid
\faLessThan	text	text	U+25A1	less-than			solid		lib-symb/fontawesome5/tex/latex/fontawesome5/fontawesome5-mapping.def	package PUA U+F536; mapped to public Unicode; style-class solid
\faLessThanEqual	text	text	U+25A1	less-than-equal			solid		lib-symb/fontawesome5/tex/latex/fontawesome5/fontawesome5-mapping.def	package PUA U+F537; mapped to public Unicode; style-class solid
\faLifeRing	text	text	U+25A1	life-ring			solid		lib-symb/fontawesome5/tex/latex/fontawesome5/fontawesome5-mapping.def	package PUA U+F1CD; mapped to public Unicode; style-class solid
\faLightbulb	text	text	U+1F4A1	lightbulb			solid		lib-symb/fontawesome5/tex/latex/fontawesome5/fontawesome5-mapping.def	package PUA U+F0EB; mapped to public Unicode; style-class solid
\faLine	text	text	U+25A1	line			solid		lib-symb/fontawesome5/tex/latex/fontawesome5/fontawesome5-mapping.def	package PUA U+F3C0; mapped to public Unicode; style-class solid
\faLink	text	text	U+1F517	link			solid		lib-symb/fontawesome5/tex/latex/fontawesome5/fontawesome5-mapping.def	package PUA U+F0C1; mapped to public Unicode; style-class solid
\faLinkedin	text	text	U+1F310	linkedin			solid		lib-symb/fontawesome5/tex/latex/fontawesome5/fontawesome5-mapping.def	package PUA U+F08C; mapped to public Unicode; style-class solid
\faLinkedinIn	text	text	U+25A1	linkedin-in			solid		lib-symb/fontawesome5/tex/latex/fontawesome5/fontawesome5-mapping.def	package PUA U+F0E1; mapped to public Unicode; style-class solid
\faLinode	text	text	U+25A1	linode			solid		lib-symb/fontawesome5/tex/latex/fontawesome5/fontawesome5-mapping.def	package PUA U+F2B8; mapped to public Unicode; style-class solid
\faLinux	text	text	U+25A1	linux			solid		lib-symb/fontawesome5/tex/latex/fontawesome5/fontawesome5-mapping.def	package PUA U+F17C; mapped to public Unicode; style-class solid
\faLiraSign	text	text	U+25A1	lira-sign			solid		lib-symb/fontawesome5/tex/latex/fontawesome5/fontawesome5-mapping.def	package PUA U+F195; mapped to public Unicode; style-class solid
\faList	text	text	U+2630	list			solid		lib-symb/fontawesome5/tex/latex/fontawesome5/fontawesome5-mapping.def	package PUA U+F03A; mapped to public Unicode; style-class solid
\faListOl	text	text	U+1F522	list-ol			solid		lib-symb/fontawesome5/tex/latex/fontawesome5/fontawesome5-mapping.def	package PUA U+F0CB; mapped to public Unicode; style-class solid
\faListUl	text	text	U+2022	list-ul			solid		lib-symb/fontawesome5/tex/latex/fontawesome5/fontawesome5-mapping.def	package PUA U+F0CA; mapped to public Unicode; style-class solid
\faLocationArrow	text	text	U+27A4	location-arrow			solid		lib-symb/fontawesome5/tex/latex/fontawesome5/fontawesome5-mapping.def	package PUA U+F124; mapped to public Unicode; style-class solid
\faLock	text	text	U+1F512	lock			solid		lib-symb/fontawesome5/tex/latex/fontawesome5/fontawesome5-mapping.def	package PUA U+F023; mapped to public Unicode; style-class solid
\faLockOpen	text	text	U+25A1	lock-open			solid		lib-symb/fontawesome5/tex/latex/fontawesome5/fontawesome5-mapping.def	package PUA U+F3C1; mapped to public Unicode; style-class solid
\faLongArrowAltDown	text	text	U+25A1	long-arrow-alt-down			solid		lib-symb/fontawesome5/tex/latex/fontawesome5/fontawesome5-mapping.def	package PUA U+F309; mapped to public Unicode; style-class solid
\faLongArrowAltLeft	text	text	U+25A1	long-arrow-alt-left			solid		lib-symb/fontawesome5/tex/latex/fontawesome5/fontawesome5-mapping.def	package PUA U+F30A; mapped to public Unicode; style-class solid
\faLongArrowAltRight	text	text	U+25A1	long-arrow-alt-right			solid		lib-symb/fontawesome5/tex/latex/fontawesome5/fontawesome5-mapping.def	package PUA U+F30B; mapped to public Unicode; style-class solid
\faLongArrowAltUp	text	text	U+25A1	long-arrow-alt-up			solid		lib-symb/fontawesome5/tex/latex/fontawesome5/fontawesome5-mapping.def	package PUA U+F30C; mapped to public Unicode; style-class solid
\faLowVision	text	text	U+25A1	low-vision			solid		lib-symb/fontawesome5/tex/latex/fontawesome5/fontawesome5-mapping.def	package PUA U+F2A8; mapped to public Unicode; style-class solid
\faLuggageCart	text	text	U+25A1	luggage-cart			solid		lib-symb/fontawesome5/tex/latex/fontawesome5/fontawesome5-mapping.def	package PUA U+F59D; mapped to public Unicode; style-class solid
\faLungs	text	text	U+25A1	lungs			solid		lib-symb/fontawesome5/tex/latex/fontawesome5/fontawesome5-mapping.def	package PUA U+F604; mapped to public Unicode; style-class solid
\faLungsVirus	text	text	U+25A1	lungs-virus			solid		lib-symb/fontawesome5/tex/latex/fontawesome5/fontawesome5-mapping.def	package PUA U+E067; mapped to public Unicode; style-class solid
\faLyft	text	text	U+25A1	lyft			solid		lib-symb/fontawesome5/tex/latex/fontawesome5/fontawesome5-mapping.def	package PUA U+F3C3; mapped to public Unicode; style-class solid
\faMagento	text	text	U+25A1	magento			solid		lib-symb/fontawesome5/tex/latex/fontawesome5/fontawesome5-mapping.def	package PUA U+F3C4; mapped to public Unicode; style-class solid
\faMagic	text	text	U+2728	magic			solid		lib-symb/fontawesome5/tex/latex/fontawesome5/fontawesome5-mapping.def	package PUA U+F0D0; mapped to public Unicode; style-class solid
\faMagnet	text	text	U+1F9F2	magnet			solid		lib-symb/fontawesome5/tex/latex/fontawesome5/fontawesome5-mapping.def	package PUA U+F076; mapped to public Unicode; style-class solid
\faMailBulk	text	text	U+25A1	mail-bulk			solid		lib-symb/fontawesome5/tex/latex/fontawesome5/fontawesome5-mapping.def	package PUA U+F674; mapped to public Unicode; style-class solid
\faMailchimp	text	text	U+25A1	mailchimp			solid		lib-symb/fontawesome5/tex/latex/fontawesome5/fontawesome5-mapping.def	package PUA U+F59E; mapped to public Unicode; style-class solid
\faMale	text	text	U+2642	male			solid		lib-symb/fontawesome5/tex/latex/fontawesome5/fontawesome5-mapping.def	package PUA U+F183; mapped to public Unicode; style-class solid
\faMandalorian	text	text	U+25A1	mandalorian			solid		lib-symb/fontawesome5/tex/latex/fontawesome5/fontawesome5-mapping.def	package PUA U+F50F; mapped to public Unicode; style-class solid
\faMap	text	text	U+1F5FA	map			solid		lib-symb/fontawesome5/tex/latex/fontawesome5/fontawesome5-mapping.def	package PUA U+F279; mapped to public Unicode; style-class solid
\faMapMarked	text	text	U+25A1	map-marked			solid		lib-symb/fontawesome5/tex/latex/fontawesome5/fontawesome5-mapping.def	package PUA U+F59F; mapped to public Unicode; style-class solid
\faMapMarker	text	text	U+1F4CD	map-marker			solid		lib-symb/fontawesome5/tex/latex/fontawesome5/fontawesome5-mapping.def	package PUA U+F041; mapped to public Unicode; style-class solid
\faMapPin	text	text	U+25A1	map-pin			solid		lib-symb/fontawesome5/tex/latex/fontawesome5/fontawesome5-mapping.def	package PUA U+F276; mapped to public Unicode; style-class solid
\faMapSigns	text	text	U+25A1	map-signs			solid		lib-symb/fontawesome5/tex/latex/fontawesome5/fontawesome5-mapping.def	package PUA U+F277; mapped to public Unicode; style-class solid
\faMarkdown	text	text	U+25A1	markdown			solid		lib-symb/fontawesome5/tex/latex/fontawesome5/fontawesome5-mapping.def	package PUA U+F60F; mapped to public Unicode; style-class solid
\faMarker	text	text	U+25A1	marker			solid		lib-symb/fontawesome5/tex/latex/fontawesome5/fontawesome5-mapping.def	package PUA U+F5A1; mapped to public Unicode; style-class solid
\faMars	text	text	U+25A1	mars			solid		lib-symb/fontawesome5/tex/latex/fontawesome5/fontawesome5-mapping.def	package PUA U+F222; mapped to public Unicode; style-class solid
\faMarsDouble	text	text	U+25A1	mars-double			solid		lib-symb/fontawesome5/tex/latex/fontawesome5/fontawesome5-mapping.def	package PUA U+F227; mapped to public Unicode; style-class solid
\faMarsStroke	text	text	U+25A1	mars-stroke			solid		lib-symb/fontawesome5/tex/latex/fontawesome5/fontawesome5-mapping.def	package PUA U+F229; mapped to public Unicode; style-class solid
\faMarsStrokeH	text	text	U+25A1	mars-stroke-h			solid		lib-symb/fontawesome5/tex/latex/fontawesome5/fontawesome5-mapping.def	package PUA U+F22B; mapped to public Unicode; style-class solid
\faMarsStrokeV	text	text	U+25A1	mars-stroke-v			solid		lib-symb/fontawesome5/tex/latex/fontawesome5/fontawesome5-mapping.def	package PUA U+F22A; mapped to public Unicode; style-class solid
\faMask	text	text	U+25A1	mask			solid		lib-symb/fontawesome5/tex/latex/fontawesome5/fontawesome5-mapping.def	package PUA U+F6FA; mapped to public Unicode; style-class solid
\faMastodon	text	text	U+25A1	mastodon			solid		lib-symb/fontawesome5/tex/latex/fontawesome5/fontawesome5-mapping.def	package PUA U+F4F6; mapped to public Unicode; style-class solid
\faMaxcdn	text	text	U+25A1	maxcdn			solid		lib-symb/fontawesome5/tex/latex/fontawesome5/fontawesome5-mapping.def	package PUA U+F136; mapped to public Unicode; style-class solid
\faMdb	text	text	U+25A1	mdb			solid		lib-symb/fontawesome5/tex/latex/fontawesome5/fontawesome5-mapping.def	package PUA U+F8CA; mapped to public Unicode; style-class solid
\faMedal	text	text	U+1F3C5	medal			solid		lib-symb/fontawesome5/tex/latex/fontawesome5/fontawesome5-mapping.def	package PUA U+F5A2; mapped to public Unicode; style-class solid
\faMedapps	text	text	U+25A1	medapps			solid		lib-symb/fontawesome5/tex/latex/fontawesome5/fontawesome5-mapping.def	package PUA U+F3C6; mapped to public Unicode; style-class solid
\faMedium	text	text	U+25A1	medium			solid		lib-symb/fontawesome5/tex/latex/fontawesome5/fontawesome5-mapping.def	package PUA U+F23A; mapped to public Unicode; style-class solid
\faMediumM	text	text	U+25A1	medium-m			solid		lib-symb/fontawesome5/tex/latex/fontawesome5/fontawesome5-mapping.def	package PUA U+F3C7; mapped to public Unicode; style-class solid
\faMedkit	text	text	U+1F48A	medkit			solid		lib-symb/fontawesome5/tex/latex/fontawesome5/fontawesome5-mapping.def	package PUA U+F0FA; mapped to public Unicode; style-class solid
\faMedrt	text	text	U+25A1	medrt			solid		lib-symb/fontawesome5/tex/latex/fontawesome5/fontawesome5-mapping.def	package PUA U+F3C8; mapped to public Unicode; style-class solid
\faMeetup	text	text	U+25A1	meetup			solid		lib-symb/fontawesome5/tex/latex/fontawesome5/fontawesome5-mapping.def	package PUA U+F2E0; mapped to public Unicode; style-class solid
\faMegaport	text	text	U+25A1	megaport			solid		lib-symb/fontawesome5/tex/latex/fontawesome5/fontawesome5-mapping.def	package PUA U+F5A3; mapped to public Unicode; style-class solid
\faMeh	text	text	U+1F610	meh			solid		lib-symb/fontawesome5/tex/latex/fontawesome5/fontawesome5-mapping.def	package PUA U+F11A; mapped to public Unicode; style-class solid
\faMehBlank	text	text	U+25A1	meh-blank			solid		lib-symb/fontawesome5/tex/latex/fontawesome5/fontawesome5-mapping.def	package PUA U+F5A4; mapped to public Unicode; style-class solid
\faMehRollingEyes	text	text	U+25A1	meh-rolling-eyes			solid		lib-symb/fontawesome5/tex/latex/fontawesome5/fontawesome5-mapping.def	package PUA U+F5A5; mapped to public Unicode; style-class solid
\faMemory	text	text	U+25A1	memory			solid		lib-symb/fontawesome5/tex/latex/fontawesome5/fontawesome5-mapping.def	package PUA U+F538; mapped to public Unicode; style-class solid
\faMendeley	text	text	U+25A1	mendeley			solid		lib-symb/fontawesome5/tex/latex/fontawesome5/fontawesome5-mapping.def	package PUA U+F7B3; mapped to public Unicode; style-class solid
\faMenorah	text	text	U+25A1	menorah			solid		lib-symb/fontawesome5/tex/latex/fontawesome5/fontawesome5-mapping.def	package PUA U+F676; mapped to public Unicode; style-class solid
\faMercury	text	text	U+25A1	mercury			solid		lib-symb/fontawesome5/tex/latex/fontawesome5/fontawesome5-mapping.def	package PUA U+F223; mapped to public Unicode; style-class solid
\faMeteor	text	text	U+25A1	meteor			solid		lib-symb/fontawesome5/tex/latex/fontawesome5/fontawesome5-mapping.def	package PUA U+F753; mapped to public Unicode; style-class solid
\faMicroblog	text	text	U+25A1	microblog			solid		lib-symb/fontawesome5/tex/latex/fontawesome5/fontawesome5-mapping.def	package PUA U+E01A; mapped to public Unicode; style-class solid
\faMicrochip	text	text	U+25A1	microchip			solid		lib-symb/fontawesome5/tex/latex/fontawesome5/fontawesome5-mapping.def	package PUA U+F2DB; mapped to public Unicode; style-class solid
\faMicrophone	text	text	U+1F3A4	microphone			solid		lib-symb/fontawesome5/tex/latex/fontawesome5/fontawesome5-mapping.def	package PUA U+F130; mapped to public Unicode; style-class solid
\faMicrophoneAltSlash	text	text	U+25A1	microphone-alt-slash			solid		lib-symb/fontawesome5/tex/latex/fontawesome5/fontawesome5-mapping.def	package PUA U+F539; mapped to public Unicode; style-class solid
\faMicrophoneSlash	text	text	U+25A1	microphone-slash			solid		lib-symb/fontawesome5/tex/latex/fontawesome5/fontawesome5-mapping.def	package PUA U+F131; mapped to public Unicode; style-class solid
\faMicroscope	text	text	U+25A1	microscope			solid		lib-symb/fontawesome5/tex/latex/fontawesome5/fontawesome5-mapping.def	package PUA U+F610; mapped to public Unicode; style-class solid
\faMicrosoft	text	text	U+25A1	microsoft			solid		lib-symb/fontawesome5/tex/latex/fontawesome5/fontawesome5-mapping.def	package PUA U+F3CA; mapped to public Unicode; style-class solid
\faMinus	text	text	U+2212	minus			solid	-	lib-symb/fontawesome5/tex/latex/fontawesome5/fontawesome5-mapping.def	package PUA U+F068; mapped to public Unicode; style-class solid
\faMinusCircle	text	text	U+2296	minus-circle			solid	\ominus	lib-symb/fontawesome5/tex/latex/fontawesome5/fontawesome5-mapping.def	package PUA U+F056; mapped to public Unicode; style-class solid
\faMinusSquare	text	text	U+229F	minus-square			solid	\boxminus	lib-symb/fontawesome5/tex/latex/fontawesome5/fontawesome5-mapping.def	package PUA U+F146; mapped to public Unicode; style-class solid
\faMitten	text	text	U+25A1	mitten			solid		lib-symb/fontawesome5/tex/latex/fontawesome5/fontawesome5-mapping.def	package PUA U+F7B5; mapped to public Unicode; style-class solid
\faMix	text	text	U+25A1	mix			solid		lib-symb/fontawesome5/tex/latex/fontawesome5/fontawesome5-mapping.def	package PUA U+F3CB; mapped to public Unicode; style-class solid
\faMixcloud	text	text	U+25A1	mixcloud			solid		lib-symb/fontawesome5/tex/latex/fontawesome5/fontawesome5-mapping.def	package PUA U+F289; mapped to public Unicode; style-class solid
\faMixer	text	text	U+25A1	mixer			solid		lib-symb/fontawesome5/tex/latex/fontawesome5/fontawesome5-mapping.def	package PUA U+E056; mapped to public Unicode; style-class solid
\faMizuni	text	text	U+25A1	mizuni			solid		lib-symb/fontawesome5/tex/latex/fontawesome5/fontawesome5-mapping.def	package PUA U+F3CC; mapped to public Unicode; style-class solid
\faMobile	text	text	U+1F4F1	mobile			solid		lib-symb/fontawesome5/tex/latex/fontawesome5/fontawesome5-mapping.def	package PUA U+F10B; mapped to public Unicode; style-class solid
\faModx	text	text	U+25A1	modx			solid		lib-symb/fontawesome5/tex/latex/fontawesome5/fontawesome5-mapping.def	package PUA U+F285; mapped to public Unicode; style-class solid
\faMonero	text	text	U+25A1	monero			solid		lib-symb/fontawesome5/tex/latex/fontawesome5/fontawesome5-mapping.def	package PUA U+F3D0; mapped to public Unicode; style-class solid
\faMoneyBill	text	text	U+1F4B5	money-bill			solid		lib-symb/fontawesome5/tex/latex/fontawesome5/fontawesome5-mapping.def	package PUA U+F0D6; mapped to public Unicode; style-class solid
\faMoneyBillWave	text	text	U+25A1	money-bill-wave			solid		lib-symb/fontawesome5/tex/latex/fontawesome5/fontawesome5-mapping.def	package PUA U+F53A; mapped to public Unicode; style-class solid
\faMoneyCheck	text	text	U+25A1	money-check			solid		lib-symb/fontawesome5/tex/latex/fontawesome5/fontawesome5-mapping.def	package PUA U+F53C; mapped to public Unicode; style-class solid
\faMonument	text	text	U+25A1	monument			solid		lib-symb/fontawesome5/tex/latex/fontawesome5/fontawesome5-mapping.def	package PUA U+F5A6; mapped to public Unicode; style-class solid
\faMoon	text	text	U+1F319	moon			solid		lib-symb/fontawesome5/tex/latex/fontawesome5/fontawesome5-mapping.def	package PUA U+F186; mapped to public Unicode; style-class solid
\faMortarPestle	text	text	U+25A1	mortar-pestle			solid		lib-symb/fontawesome5/tex/latex/fontawesome5/fontawesome5-mapping.def	package PUA U+F5A7; mapped to public Unicode; style-class solid
\faMosque	text	text	U+25A1	mosque			solid		lib-symb/fontawesome5/tex/latex/fontawesome5/fontawesome5-mapping.def	package PUA U+F678; mapped to public Unicode; style-class solid
\faMotorcycle	text	text	U+25A1	motorcycle			solid		lib-symb/fontawesome5/tex/latex/fontawesome5/fontawesome5-mapping.def	package PUA U+F21C; mapped to public Unicode; style-class solid
\faMountain	text	text	U+25A1	mountain			solid		lib-symb/fontawesome5/tex/latex/fontawesome5/fontawesome5-mapping.def	package PUA U+F6FC; mapped to public Unicode; style-class solid
\faMouse	text	text	U+25A1	mouse			solid		lib-symb/fontawesome5/tex/latex/fontawesome5/fontawesome5-mapping.def	package PUA U+F8CC; mapped to public Unicode; style-class solid
\faMousePointer	text	text	U+25A1	mouse-pointer			solid		lib-symb/fontawesome5/tex/latex/fontawesome5/fontawesome5-mapping.def	package PUA U+F245; mapped to public Unicode; style-class solid
\faMugHot	text	text	U+25A1	mug-hot			solid		lib-symb/fontawesome5/tex/latex/fontawesome5/fontawesome5-mapping.def	package PUA U+F7B6; mapped to public Unicode; style-class solid
\faMusic	text	text	U+1F3B5	music			solid		lib-symb/fontawesome5/tex/latex/fontawesome5/fontawesome5-mapping.def	package PUA U+F001; mapped to public Unicode; style-class solid
\faNapster	text	text	U+25A1	napster			solid		lib-symb/fontawesome5/tex/latex/fontawesome5/fontawesome5-mapping.def	package PUA U+F3D2; mapped to public Unicode; style-class solid
\faNeos	text	text	U+25A1	neos			solid		lib-symb/fontawesome5/tex/latex/fontawesome5/fontawesome5-mapping.def	package PUA U+F612; mapped to public Unicode; style-class solid
\faNetworkWired	text	text	U+25A1	network-wired			solid		lib-symb/fontawesome5/tex/latex/fontawesome5/fontawesome5-mapping.def	package PUA U+F6FF; mapped to public Unicode; style-class solid
\faNeuter	text	text	U+25A1	neuter			solid		lib-symb/fontawesome5/tex/latex/fontawesome5/fontawesome5-mapping.def	package PUA U+F22C; mapped to public Unicode; style-class solid
\faNewspaper	text	text	U+1F4F0	newspaper			solid		lib-symb/fontawesome5/tex/latex/fontawesome5/fontawesome5-mapping.def	package PUA U+F1EA; mapped to public Unicode; style-class solid
\faNimblr	text	text	U+25A1	nimblr			solid		lib-symb/fontawesome5/tex/latex/fontawesome5/fontawesome5-mapping.def	package PUA U+F5A8; mapped to public Unicode; style-class solid
\faNode	text	text	U+25A1	node			solid		lib-symb/fontawesome5/tex/latex/fontawesome5/fontawesome5-mapping.def	package PUA U+F419; mapped to public Unicode; style-class solid
\faNodeJs	text	text	U+25A1	node-js			solid		lib-symb/fontawesome5/tex/latex/fontawesome5/fontawesome5-mapping.def	package PUA U+F3D3; mapped to public Unicode; style-class solid
\faNotEqual	text	text	U+25A1	not-equal			solid		lib-symb/fontawesome5/tex/latex/fontawesome5/fontawesome5-mapping.def	package PUA U+F53E; mapped to public Unicode; style-class solid
\faNotesMedical	text	text	U+25A1	notes-medical			solid		lib-symb/fontawesome5/tex/latex/fontawesome5/fontawesome5-mapping.def	package PUA U+F481; mapped to public Unicode; style-class solid
\faNpm	text	text	U+25A1	npm			solid		lib-symb/fontawesome5/tex/latex/fontawesome5/fontawesome5-mapping.def	package PUA U+F3D4; mapped to public Unicode; style-class solid
\faNutritionix	text	text	U+25A1	nutritionix			solid		lib-symb/fontawesome5/tex/latex/fontawesome5/fontawesome5-mapping.def	package PUA U+F3D6; mapped to public Unicode; style-class solid
\faObjectGroup	text	text	U+25A1	object-group			solid		lib-symb/fontawesome5/tex/latex/fontawesome5/fontawesome5-mapping.def	package PUA U+F247; mapped to public Unicode; style-class solid
\faObjectUngroup	text	text	U+25A1	object-ungroup			solid		lib-symb/fontawesome5/tex/latex/fontawesome5/fontawesome5-mapping.def	package PUA U+F248; mapped to public Unicode; style-class solid
\faOctopusDeploy	text	text	U+25A1	octopus-deploy			solid		lib-symb/fontawesome5/tex/latex/fontawesome5/fontawesome5-mapping.def	package PUA U+E082; mapped to public Unicode; style-class solid
\faOdnoklassniki	text	text	U+25A1	odnoklassniki			solid		lib-symb/fontawesome5/tex/latex/fontawesome5/fontawesome5-mapping.def	package PUA U+F263; mapped to public Unicode; style-class solid
\faOdnoklassnikiSquare	text	text	U+25A1	odnoklassniki-square			solid		lib-symb/fontawesome5/tex/latex/fontawesome5/fontawesome5-mapping.def	package PUA U+F264; mapped to public Unicode; style-class solid
\faOilCan	text	text	U+25A1	oil-can			solid		lib-symb/fontawesome5/tex/latex/fontawesome5/fontawesome5-mapping.def	package PUA U+F613; mapped to public Unicode; style-class solid
\faOldRepublic	text	text	U+25A1	old-republic			solid		lib-symb/fontawesome5/tex/latex/fontawesome5/fontawesome5-mapping.def	package PUA U+F510; mapped to public Unicode; style-class solid
\faOm	text	text	U+25A1	om			solid		lib-symb/fontawesome5/tex/latex/fontawesome5/fontawesome5-mapping.def	package PUA U+F679; mapped to public Unicode; style-class solid
\faOpencart	text	text	U+25A1	opencart			solid		lib-symb/fontawesome5/tex/latex/fontawesome5/fontawesome5-mapping.def	package PUA U+F23D; mapped to public Unicode; style-class solid
\faOpenid	text	text	U+25A1	openid			solid		lib-symb/fontawesome5/tex/latex/fontawesome5/fontawesome5-mapping.def	package PUA U+F19B; mapped to public Unicode; style-class solid
\faOpera	text	text	U+25A1	opera			solid		lib-symb/fontawesome5/tex/latex/fontawesome5/fontawesome5-mapping.def	package PUA U+F26A; mapped to public Unicode; style-class solid
\faOptinMonster	text	text	U+25A1	optin-monster			solid		lib-symb/fontawesome5/tex/latex/fontawesome5/fontawesome5-mapping.def	package PUA U+F23C; mapped to public Unicode; style-class solid
\faOrcid	text	text	U+25A1	orcid			solid		lib-symb/fontawesome5/tex/latex/fontawesome5/fontawesome5-mapping.def	package PUA U+F8D2; mapped to public Unicode; style-class solid
\faOsi	text	text	U+25A1	osi			solid		lib-symb/fontawesome5/tex/latex/fontawesome5/fontawesome5-mapping.def	package PUA U+F41A; mapped to public Unicode; style-class solid
\faOtter	text	text	U+25A1	otter			solid		lib-symb/fontawesome5/tex/latex/fontawesome5/fontawesome5-mapping.def	package PUA U+F700; mapped to public Unicode; style-class solid
\faOutdent	text	text	U+25A1	outdent			solid		lib-symb/fontawesome5/tex/latex/fontawesome5/fontawesome5-mapping.def	package PUA U+F03B; mapped to public Unicode; style-class solid
\faPagelines	text	text	U+25A1	pagelines			solid		lib-symb/fontawesome5/tex/latex/fontawesome5/fontawesome5-mapping.def	package PUA U+F18C; mapped to public Unicode; style-class solid
\faPager	text	text	U+25A1	pager			solid		lib-symb/fontawesome5/tex/latex/fontawesome5/fontawesome5-mapping.def	package PUA U+F815; mapped to public Unicode; style-class solid
\faPaintBrush	text	text	U+25A1	paint-brush			solid		lib-symb/fontawesome5/tex/latex/fontawesome5/fontawesome5-mapping.def	package PUA U+F1FC; mapped to public Unicode; style-class solid
\faPaintRoller	text	text	U+25A1	paint-roller			solid		lib-symb/fontawesome5/tex/latex/fontawesome5/fontawesome5-mapping.def	package PUA U+F5AA; mapped to public Unicode; style-class solid
\faPalette	text	text	U+25A1	palette			solid		lib-symb/fontawesome5/tex/latex/fontawesome5/fontawesome5-mapping.def	package PUA U+F53F; mapped to public Unicode; style-class solid
\faPalfed	text	text	U+25A1	palfed			solid		lib-symb/fontawesome5/tex/latex/fontawesome5/fontawesome5-mapping.def	package PUA U+F3D8; mapped to public Unicode; style-class solid
\faPallet	text	text	U+25A1	pallet			solid		lib-symb/fontawesome5/tex/latex/fontawesome5/fontawesome5-mapping.def	package PUA U+F482; mapped to public Unicode; style-class solid
\faPaperPlane	text	text	U+2708	paper-plane			solid		lib-symb/fontawesome5/tex/latex/fontawesome5/fontawesome5-mapping.def	package PUA U+F1D8; mapped to public Unicode; style-class solid
\faPaperclip	text	text	U+1F4CE	paperclip			solid		lib-symb/fontawesome5/tex/latex/fontawesome5/fontawesome5-mapping.def	package PUA U+F0C6; mapped to public Unicode; style-class solid
\faParachuteBox	text	text	U+25A1	parachute-box			solid		lib-symb/fontawesome5/tex/latex/fontawesome5/fontawesome5-mapping.def	package PUA U+F4CD; mapped to public Unicode; style-class solid
\faParagraph	text	text	U+25A1	paragraph			solid		lib-symb/fontawesome5/tex/latex/fontawesome5/fontawesome5-mapping.def	package PUA U+F1DD; mapped to public Unicode; style-class solid
\faParking	text	text	U+25A1	parking			solid		lib-symb/fontawesome5/tex/latex/fontawesome5/fontawesome5-mapping.def	package PUA U+F540; mapped to public Unicode; style-class solid
\faPassport	text	text	U+25A1	passport			solid		lib-symb/fontawesome5/tex/latex/fontawesome5/fontawesome5-mapping.def	package PUA U+F5AB; mapped to public Unicode; style-class solid
\faPastafarianism	text	text	U+25A1	pastafarianism			solid		lib-symb/fontawesome5/tex/latex/fontawesome5/fontawesome5-mapping.def	package PUA U+F67B; mapped to public Unicode; style-class solid
\faPaste	text	text	U+1F4CB	paste			solid		lib-symb/fontawesome5/tex/latex/fontawesome5/fontawesome5-mapping.def	package PUA U+F0EA; mapped to public Unicode; style-class solid
\faPatreon	text	text	U+25A1	patreon			solid		lib-symb/fontawesome5/tex/latex/fontawesome5/fontawesome5-mapping.def	package PUA U+F3D9; mapped to public Unicode; style-class solid
\faPause	text	text	U+23F8	pause			solid		lib-symb/fontawesome5/tex/latex/fontawesome5/fontawesome5-mapping.def	package PUA U+F04C; mapped to public Unicode; style-class solid
\faPauseCircle	text	text	U+25A1	pause-circle			solid		lib-symb/fontawesome5/tex/latex/fontawesome5/fontawesome5-mapping.def	package PUA U+F28B; mapped to public Unicode; style-class solid
\faPaw	text	text	U+1F43E	paw			solid		lib-symb/fontawesome5/tex/latex/fontawesome5/fontawesome5-mapping.def	package PUA U+F1B0; mapped to public Unicode; style-class solid
\faPaypal	text	text	U+25A1	paypal			solid		lib-symb/fontawesome5/tex/latex/fontawesome5/fontawesome5-mapping.def	package PUA U+F1ED; mapped to public Unicode; style-class solid
\faPeace	text	text	U+25A1	peace			solid		lib-symb/fontawesome5/tex/latex/fontawesome5/fontawesome5-mapping.def	package PUA U+F67C; mapped to public Unicode; style-class solid
\faPen	text	text	U+25A1	pen			solid		lib-symb/fontawesome5/tex/latex/fontawesome5/fontawesome5-mapping.def	package PUA U+F304; mapped to public Unicode; style-class solid
\faPenFancy	text	text	U+25A1	pen-fancy			solid		lib-symb/fontawesome5/tex/latex/fontawesome5/fontawesome5-mapping.def	package PUA U+F5AC; mapped to public Unicode; style-class solid
\faPenNib	text	text	U+25A1	pen-nib			solid		lib-symb/fontawesome5/tex/latex/fontawesome5/fontawesome5-mapping.def	package PUA U+F5AD; mapped to public Unicode; style-class solid
\faPenSquare	text	text	U+25A1	pen-square			solid		lib-symb/fontawesome5/tex/latex/fontawesome5/fontawesome5-mapping.def	package PUA U+F14B; mapped to public Unicode; style-class solid
\faPencilRuler	text	text	U+25A1	pencil-ruler			solid		lib-symb/fontawesome5/tex/latex/fontawesome5/fontawesome5-mapping.def	package PUA U+F5AE; mapped to public Unicode; style-class solid
\faPennyArcade	text	text	U+25A1	penny-arcade			solid		lib-symb/fontawesome5/tex/latex/fontawesome5/fontawesome5-mapping.def	package PUA U+F704; mapped to public Unicode; style-class solid
\faPeopleArrows	text	text	U+25A1	people-arrows			solid		lib-symb/fontawesome5/tex/latex/fontawesome5/fontawesome5-mapping.def	package PUA U+E068; mapped to public Unicode; style-class solid
\faPeopleCarry	text	text	U+25A1	people-carry			solid		lib-symb/fontawesome5/tex/latex/fontawesome5/fontawesome5-mapping.def	package PUA U+F4CE; mapped to public Unicode; style-class solid
\faPepperHot	text	text	U+25A1	pepper-hot			solid		lib-symb/fontawesome5/tex/latex/fontawesome5/fontawesome5-mapping.def	package PUA U+F816; mapped to public Unicode; style-class solid
\faPerbyte	text	text	U+25A1	perbyte			solid		lib-symb/fontawesome5/tex/latex/fontawesome5/fontawesome5-mapping.def	package PUA U+E083; mapped to public Unicode; style-class solid
\faPercent	text	text	U+0025	percent			solid		lib-symb/fontawesome5/tex/latex/fontawesome5/fontawesome5-mapping.def	package PUA U+F295; mapped to public Unicode; style-class solid
\faPercentage	text	text	U+25A1	percentage			solid		lib-symb/fontawesome5/tex/latex/fontawesome5/fontawesome5-mapping.def	package PUA U+F541; mapped to public Unicode; style-class solid
\faPeriscope	text	text	U+25A1	periscope			solid		lib-symb/fontawesome5/tex/latex/fontawesome5/fontawesome5-mapping.def	package PUA U+F3DA; mapped to public Unicode; style-class solid
\faPersonBooth	text	text	U+25A1	person-booth			solid		lib-symb/fontawesome5/tex/latex/fontawesome5/fontawesome5-mapping.def	package PUA U+F756; mapped to public Unicode; style-class solid
\faPhabricator	text	text	U+25A1	phabricator			solid		lib-symb/fontawesome5/tex/latex/fontawesome5/fontawesome5-mapping.def	package PUA U+F3DB; mapped to public Unicode; style-class solid
\faPhoenixFramework	text	text	U+25A1	phoenix-framework			solid		lib-symb/fontawesome5/tex/latex/fontawesome5/fontawesome5-mapping.def	package PUA U+F3DC; mapped to public Unicode; style-class solid
\faPhoenixSquadron	text	text	U+25A1	phoenix-squadron			solid		lib-symb/fontawesome5/tex/latex/fontawesome5/fontawesome5-mapping.def	package PUA U+F511; mapped to public Unicode; style-class solid
\faPhone	text	text	U+260E	phone			solid		lib-symb/fontawesome5/tex/latex/fontawesome5/fontawesome5-mapping.def	package PUA U+F095; mapped to public Unicode; style-class solid
\faPhoneSlash	text	text	U+25A1	phone-slash			solid		lib-symb/fontawesome5/tex/latex/fontawesome5/fontawesome5-mapping.def	package PUA U+F3DD; mapped to public Unicode; style-class solid
\faPhoneSquare	text	text	U+25A1	phone-square			solid		lib-symb/fontawesome5/tex/latex/fontawesome5/fontawesome5-mapping.def	package PUA U+F098; mapped to public Unicode; style-class solid
\faPhoneVolume	text	text	U+25A1	phone-volume			solid		lib-symb/fontawesome5/tex/latex/fontawesome5/fontawesome5-mapping.def	package PUA U+F2A0; mapped to public Unicode; style-class solid
\faPhotoVideo	text	text	U+25A1	photo-video			solid		lib-symb/fontawesome5/tex/latex/fontawesome5/fontawesome5-mapping.def	package PUA U+F87C; mapped to public Unicode; style-class solid
\faPhp	text	text	U+25A1	php			solid		lib-symb/fontawesome5/tex/latex/fontawesome5/fontawesome5-mapping.def	package PUA U+F457; mapped to public Unicode; style-class solid
\faPiedPiper	text	text	U+25A1	pied-piper			solid		lib-symb/fontawesome5/tex/latex/fontawesome5/fontawesome5-mapping.def	package PUA U+F2AE; mapped to public Unicode; style-class solid
\faPiedPiperHat	text	text	U+25A1	pied-piper-hat			solid		lib-symb/fontawesome5/tex/latex/fontawesome5/fontawesome5-mapping.def	package PUA U+F4E5; mapped to public Unicode; style-class solid
\faPiedPiperPp	text	text	U+25A1	pied-piper-pp			solid		lib-symb/fontawesome5/tex/latex/fontawesome5/fontawesome5-mapping.def	package PUA U+F1A7; mapped to public Unicode; style-class solid
\faPiedPiperSquare	text	text	U+25A1	pied-piper-square			solid		lib-symb/fontawesome5/tex/latex/fontawesome5/fontawesome5-mapping.def	package PUA U+E01E; mapped to public Unicode; style-class solid
\faPiggyBank	text	text	U+25A1	piggy-bank			solid		lib-symb/fontawesome5/tex/latex/fontawesome5/fontawesome5-mapping.def	package PUA U+F4D3; mapped to public Unicode; style-class solid
\faPills	text	text	U+25A1	pills			solid		lib-symb/fontawesome5/tex/latex/fontawesome5/fontawesome5-mapping.def	package PUA U+F484; mapped to public Unicode; style-class solid
\faPinterest	text	text	U+25A1	pinterest			solid		lib-symb/fontawesome5/tex/latex/fontawesome5/fontawesome5-mapping.def	package PUA U+F0D2; mapped to public Unicode; style-class solid
\faPinterestP	text	text	U+25A1	pinterest-p			solid		lib-symb/fontawesome5/tex/latex/fontawesome5/fontawesome5-mapping.def	package PUA U+F231; mapped to public Unicode; style-class solid
\faPinterestSquare	text	text	U+25A1	pinterest-square			solid		lib-symb/fontawesome5/tex/latex/fontawesome5/fontawesome5-mapping.def	package PUA U+F0D3; mapped to public Unicode; style-class solid
\faPizzaSlice	text	text	U+25A1	pizza-slice			solid		lib-symb/fontawesome5/tex/latex/fontawesome5/fontawesome5-mapping.def	package PUA U+F818; mapped to public Unicode; style-class solid
\faPlaceOfWorship	text	text	U+25A1	place-of-worship			solid		lib-symb/fontawesome5/tex/latex/fontawesome5/fontawesome5-mapping.def	package PUA U+F67F; mapped to public Unicode; style-class solid
\faPlane	text	text	U+2708	plane			solid		lib-symb/fontawesome5/tex/latex/fontawesome5/fontawesome5-mapping.def	package PUA U+F072; mapped to public Unicode; style-class solid
\faPlaneArrival	text	text	U+25A1	plane-arrival			solid		lib-symb/fontawesome5/tex/latex/fontawesome5/fontawesome5-mapping.def	package PUA U+F5AF; mapped to public Unicode; style-class solid
\faPlaneDeparture	text	text	U+25A1	plane-departure			solid		lib-symb/fontawesome5/tex/latex/fontawesome5/fontawesome5-mapping.def	package PUA U+F5B0; mapped to public Unicode; style-class solid
\faPlaneSlash	text	text	U+25A1	plane-slash			solid		lib-symb/fontawesome5/tex/latex/fontawesome5/fontawesome5-mapping.def	package PUA U+E069; mapped to public Unicode; style-class solid
\faPlay	text	text	U+25B6	play			solid	\blacktriangleright	lib-symb/fontawesome5/tex/latex/fontawesome5/fontawesome5-mapping.def	package PUA U+F04B; mapped to public Unicode; style-class solid
\faPlayCircle	text	text	U+25B6	play-circle			solid	\blacktriangleright	lib-symb/fontawesome5/tex/latex/fontawesome5/fontawesome5-mapping.def	package PUA U+F144; mapped to public Unicode; style-class solid
\faPlaystation	text	text	U+25A1	playstation			solid		lib-symb/fontawesome5/tex/latex/fontawesome5/fontawesome5-mapping.def	package PUA U+F3DF; mapped to public Unicode; style-class solid
\faPlug	text	text	U+25A1	plug			solid		lib-symb/fontawesome5/tex/latex/fontawesome5/fontawesome5-mapping.def	package PUA U+F1E6; mapped to public Unicode; style-class solid
\faPlus	text	text	U+002B	plus			solid	+	lib-symb/fontawesome5/tex/latex/fontawesome5/fontawesome5-mapping.def	package PUA U+F067; mapped to public Unicode; style-class solid
\faPlusCircle	text	text	U+2295	plus-circle			solid	\oplus	lib-symb/fontawesome5/tex/latex/fontawesome5/fontawesome5-mapping.def	package PUA U+F055; mapped to public Unicode; style-class solid
\faPlusSquare	text	text	U+229E	plus-square			solid	\boxplus	lib-symb/fontawesome5/tex/latex/fontawesome5/fontawesome5-mapping.def	package PUA U+F0FE; mapped to public Unicode; style-class solid
\faPodcast	text	text	U+1F399	podcast			solid		lib-symb/fontawesome5/tex/latex/fontawesome5/fontawesome5-mapping.def	package PUA U+F2CE; mapped to public Unicode; style-class solid
\faPoll	text	text	U+25A1	poll			solid		lib-symb/fontawesome5/tex/latex/fontawesome5/fontawesome5-mapping.def	package PUA U+F681; mapped to public Unicode; style-class solid
\faPollH	text	text	U+25A1	poll-h			solid		lib-symb/fontawesome5/tex/latex/fontawesome5/fontawesome5-mapping.def	package PUA U+F682; mapped to public Unicode; style-class solid
\faPoo	text	text	U+25A1	poo			solid		lib-symb/fontawesome5/tex/latex/fontawesome5/fontawesome5-mapping.def	package PUA U+F2FE; mapped to public Unicode; style-class solid
\faPooStorm	text	text	U+25A1	poo-storm			solid		lib-symb/fontawesome5/tex/latex/fontawesome5/fontawesome5-mapping.def	package PUA U+F75A; mapped to public Unicode; style-class solid
\faPoop	text	text	U+25A1	poop			solid		lib-symb/fontawesome5/tex/latex/fontawesome5/fontawesome5-mapping.def	package PUA U+F619; mapped to public Unicode; style-class solid
\faPortrait	text	text	U+25A1	portrait			solid		lib-symb/fontawesome5/tex/latex/fontawesome5/fontawesome5-mapping.def	package PUA U+F3E0; mapped to public Unicode; style-class solid
\faPoundSign	text	text	U+25A1	pound-sign			solid		lib-symb/fontawesome5/tex/latex/fontawesome5/fontawesome5-mapping.def	package PUA U+F154; mapped to public Unicode; style-class solid
\faPowerOff	text	text	U+25A1	power-off			solid		lib-symb/fontawesome5/tex/latex/fontawesome5/fontawesome5-mapping.def	package PUA U+F011; mapped to public Unicode; style-class solid
\faPray	text	text	U+25A1	pray			solid		lib-symb/fontawesome5/tex/latex/fontawesome5/fontawesome5-mapping.def	package PUA U+F683; mapped to public Unicode; style-class solid
\faPrayingHands	text	text	U+25A1	praying-hands			solid		lib-symb/fontawesome5/tex/latex/fontawesome5/fontawesome5-mapping.def	package PUA U+F684; mapped to public Unicode; style-class solid
\faPrescription	text	text	U+25A1	prescription			solid		lib-symb/fontawesome5/tex/latex/fontawesome5/fontawesome5-mapping.def	package PUA U+F5B1; mapped to public Unicode; style-class solid
\faPrescriptionBottle	text	text	U+25A1	prescription-bottle			solid		lib-symb/fontawesome5/tex/latex/fontawesome5/fontawesome5-mapping.def	package PUA U+F485; mapped to public Unicode; style-class solid
\faPrint	text	text	U+1F5A8	print			solid		lib-symb/fontawesome5/tex/latex/fontawesome5/fontawesome5-mapping.def	package PUA U+F02F; mapped to public Unicode; style-class solid
\faProcedures	text	text	U+25A1	procedures			solid		lib-symb/fontawesome5/tex/latex/fontawesome5/fontawesome5-mapping.def	package PUA U+F487; mapped to public Unicode; style-class solid
\faProductHunt	text	text	U+25A1	product-hunt			solid		lib-symb/fontawesome5/tex/latex/fontawesome5/fontawesome5-mapping.def	package PUA U+F288; mapped to public Unicode; style-class solid
\faProjectDiagram	text	text	U+25A1	project-diagram			solid		lib-symb/fontawesome5/tex/latex/fontawesome5/fontawesome5-mapping.def	package PUA U+F542; mapped to public Unicode; style-class solid
\faPumpMedical	text	text	U+25A1	pump-medical			solid		lib-symb/fontawesome5/tex/latex/fontawesome5/fontawesome5-mapping.def	package PUA U+E06A; mapped to public Unicode; style-class solid
\faPumpSoap	text	text	U+25A1	pump-soap			solid		lib-symb/fontawesome5/tex/latex/fontawesome5/fontawesome5-mapping.def	package PUA U+E06B; mapped to public Unicode; style-class solid
\faPushed	text	text	U+25A1	pushed			solid		lib-symb/fontawesome5/tex/latex/fontawesome5/fontawesome5-mapping.def	package PUA U+F3E1; mapped to public Unicode; style-class solid
\faPuzzlePiece	text	text	U+1F9E9	puzzle-piece			solid		lib-symb/fontawesome5/tex/latex/fontawesome5/fontawesome5-mapping.def	package PUA U+F12E; mapped to public Unicode; style-class solid
\faPython	text	text	U+25A1	python			solid		lib-symb/fontawesome5/tex/latex/fontawesome5/fontawesome5-mapping.def	package PUA U+F3E2; mapped to public Unicode; style-class solid
\faQq	text	text	U+25A1	qq			solid		lib-symb/fontawesome5/tex/latex/fontawesome5/fontawesome5-mapping.def	package PUA U+F1D6; mapped to public Unicode; style-class solid
\faQrcode	text	text	U+1F4F6	qrcode			solid		lib-symb/fontawesome5/tex/latex/fontawesome5/fontawesome5-mapping.def	package PUA U+F029; mapped to public Unicode; style-class solid
\faQuestion	text	text	U+003F	question			solid	?	lib-symb/fontawesome5/tex/latex/fontawesome5/fontawesome5-mapping.def	package PUA U+F128; mapped to public Unicode; style-class solid
\faQuestionCircle	text	text	U+2753	question-circle			solid		lib-symb/fontawesome5/tex/latex/fontawesome5/fontawesome5-mapping.def	package PUA U+F059; mapped to public Unicode; style-class solid
\faQuidditch	text	text	U+25A1	quidditch			solid		lib-symb/fontawesome5/tex/latex/fontawesome5/fontawesome5-mapping.def	package PUA U+F458; mapped to public Unicode; style-class solid
\faQuinscape	text	text	U+25A1	quinscape			solid		lib-symb/fontawesome5/tex/latex/fontawesome5/fontawesome5-mapping.def	package PUA U+F459; mapped to public Unicode; style-class solid
\faQuora	text	text	U+25A1	quora			solid		lib-symb/fontawesome5/tex/latex/fontawesome5/fontawesome5-mapping.def	package PUA U+F2C4; mapped to public Unicode; style-class solid
\faQuoteLeft	text	text	U+201C	quote-left			solid		lib-symb/fontawesome5/tex/latex/fontawesome5/fontawesome5-mapping.def	package PUA U+F10D; mapped to public Unicode; style-class solid
\faQuoteRight	text	text	U+201D	quote-right			solid		lib-symb/fontawesome5/tex/latex/fontawesome5/fontawesome5-mapping.def	package PUA U+F10E; mapped to public Unicode; style-class solid
\faQuran	text	text	U+25A1	quran			solid		lib-symb/fontawesome5/tex/latex/fontawesome5/fontawesome5-mapping.def	package PUA U+F687; mapped to public Unicode; style-class solid
\faRProject	text	text	U+25A1	r-project			solid		lib-symb/fontawesome5/tex/latex/fontawesome5/fontawesome5-mapping.def	package PUA U+F4F7; mapped to public Unicode; style-class solid
\faRadiation	text	text	U+25A1	radiation			solid		lib-symb/fontawesome5/tex/latex/fontawesome5/fontawesome5-mapping.def	package PUA U+F7B9; mapped to public Unicode; style-class solid
\faRainbow	text	text	U+25A1	rainbow			solid		lib-symb/fontawesome5/tex/latex/fontawesome5/fontawesome5-mapping.def	package PUA U+F75B; mapped to public Unicode; style-class solid
\faRandom	text	text	U+1F500	random			solid		lib-symb/fontawesome5/tex/latex/fontawesome5/fontawesome5-mapping.def	package PUA U+F074; mapped to public Unicode; style-class solid
\faRaspberryPi	text	text	U+25A1	raspberry-pi			solid		lib-symb/fontawesome5/tex/latex/fontawesome5/fontawesome5-mapping.def	package PUA U+F7BB; mapped to public Unicode; style-class solid
\faRavelry	text	text	U+25A1	ravelry			solid		lib-symb/fontawesome5/tex/latex/fontawesome5/fontawesome5-mapping.def	package PUA U+F2D9; mapped to public Unicode; style-class solid
\faReact	text	text	U+25A1	react			solid		lib-symb/fontawesome5/tex/latex/fontawesome5/fontawesome5-mapping.def	package PUA U+F41B; mapped to public Unicode; style-class solid
\faReacteurope	text	text	U+25A1	reacteurope			solid		lib-symb/fontawesome5/tex/latex/fontawesome5/fontawesome5-mapping.def	package PUA U+F75D; mapped to public Unicode; style-class solid
\faReadme	text	text	U+25A1	readme			solid		lib-symb/fontawesome5/tex/latex/fontawesome5/fontawesome5-mapping.def	package PUA U+F4D5; mapped to public Unicode; style-class solid
\faRebel	text	text	U+25A1	rebel			solid		lib-symb/fontawesome5/tex/latex/fontawesome5/fontawesome5-mapping.def	package PUA U+F1D0; mapped to public Unicode; style-class solid
\faReceipt	text	text	U+25A1	receipt			solid		lib-symb/fontawesome5/tex/latex/fontawesome5/fontawesome5-mapping.def	package PUA U+F543; mapped to public Unicode; style-class solid
\faRecordVinyl	text	text	U+25A1	record-vinyl			solid		lib-symb/fontawesome5/tex/latex/fontawesome5/fontawesome5-mapping.def	package PUA U+F8D9; mapped to public Unicode; style-class solid
\faRecycle	text	text	U+267B	recycle			solid		lib-symb/fontawesome5/tex/latex/fontawesome5/fontawesome5-mapping.def	package PUA U+F1B8; mapped to public Unicode; style-class solid
\faRedRiver	text	text	U+25A1	red-river			solid		lib-symb/fontawesome5/tex/latex/fontawesome5/fontawesome5-mapping.def	package PUA U+F3E3; mapped to public Unicode; style-class solid
\faReddit	text	text	U+25A1	reddit			solid		lib-symb/fontawesome5/tex/latex/fontawesome5/fontawesome5-mapping.def	package PUA U+F1A1; mapped to public Unicode; style-class solid
\faRedditAlien	text	text	U+25A1	reddit-alien			solid		lib-symb/fontawesome5/tex/latex/fontawesome5/fontawesome5-mapping.def	package PUA U+F281; mapped to public Unicode; style-class solid
\faRedditSquare	text	text	U+25A1	reddit-square			solid		lib-symb/fontawesome5/tex/latex/fontawesome5/fontawesome5-mapping.def	package PUA U+F1A2; mapped to public Unicode; style-class solid
\faRedhat	text	text	U+25A1	redhat			solid		lib-symb/fontawesome5/tex/latex/fontawesome5/fontawesome5-mapping.def	package PUA U+F7BC; mapped to public Unicode; style-class solid
\faRedo	text	text	U+21A9	redo			solid	\hookleftarrow	lib-symb/fontawesome5/tex/latex/fontawesome5/fontawesome5-mapping.def	package PUA U+F01E; mapped to public Unicode; style-class solid
\faRegistered	text	text	U+25A1	registered			solid		lib-symb/fontawesome5/tex/latex/fontawesome5/fontawesome5-mapping.def	package PUA U+F25D; mapped to public Unicode; style-class solid
\faRemoveFormat	text	text	U+25A1	remove-format			solid		lib-symb/fontawesome5/tex/latex/fontawesome5/fontawesome5-mapping.def	package PUA U+F87D; mapped to public Unicode; style-class solid
\faRenren	text	text	U+25A1	renren			solid		lib-symb/fontawesome5/tex/latex/fontawesome5/fontawesome5-mapping.def	package PUA U+F18B; mapped to public Unicode; style-class solid
\faReply	text	text	U+21A9	reply			solid	\hookleftarrow	lib-symb/fontawesome5/tex/latex/fontawesome5/fontawesome5-mapping.def	package PUA U+F3E5; mapped to public Unicode; style-class solid
\faReplyAll	text	text	U+25A1	reply-all			solid		lib-symb/fontawesome5/tex/latex/fontawesome5/fontawesome5-mapping.def	package PUA U+F122; mapped to public Unicode; style-class solid
\faReplyd	text	text	U+25A1	replyd			solid		lib-symb/fontawesome5/tex/latex/fontawesome5/fontawesome5-mapping.def	package PUA U+F3E6; mapped to public Unicode; style-class solid
\faRepublican	text	text	U+25A1	republican			solid		lib-symb/fontawesome5/tex/latex/fontawesome5/fontawesome5-mapping.def	package PUA U+F75E; mapped to public Unicode; style-class solid
\faResearchgate	text	text	U+25A1	researchgate			solid		lib-symb/fontawesome5/tex/latex/fontawesome5/fontawesome5-mapping.def	package PUA U+F4F8; mapped to public Unicode; style-class solid
\faResolving	text	text	U+25A1	resolving			solid		lib-symb/fontawesome5/tex/latex/fontawesome5/fontawesome5-mapping.def	package PUA U+F3E7; mapped to public Unicode; style-class solid
\faRestroom	text	text	U+25A1	restroom			solid		lib-symb/fontawesome5/tex/latex/fontawesome5/fontawesome5-mapping.def	package PUA U+F7BD; mapped to public Unicode; style-class solid
\faRetweet	text	text	U+1F501	retweet			solid		lib-symb/fontawesome5/tex/latex/fontawesome5/fontawesome5-mapping.def	package PUA U+F079; mapped to public Unicode; style-class solid
\faRev	text	text	U+25A1	rev			solid		lib-symb/fontawesome5/tex/latex/fontawesome5/fontawesome5-mapping.def	package PUA U+F5B2; mapped to public Unicode; style-class solid
\faRibbon	text	text	U+25A1	ribbon			solid		lib-symb/fontawesome5/tex/latex/fontawesome5/fontawesome5-mapping.def	package PUA U+F4D6; mapped to public Unicode; style-class solid
\faRing	text	text	U+25A1	ring			solid		lib-symb/fontawesome5/tex/latex/fontawesome5/fontawesome5-mapping.def	package PUA U+F70B; mapped to public Unicode; style-class solid
\faRoad	text	text	U+25A1	road			solid		lib-symb/fontawesome5/tex/latex/fontawesome5/fontawesome5-mapping.def	package PUA U+F018; mapped to public Unicode; style-class solid
\faRobot	text	text	U+25A1	robot			solid		lib-symb/fontawesome5/tex/latex/fontawesome5/fontawesome5-mapping.def	package PUA U+F544; mapped to public Unicode; style-class solid
\faRocket	text	text	U+1F680	rocket			solid		lib-symb/fontawesome5/tex/latex/fontawesome5/fontawesome5-mapping.def	package PUA U+F135; mapped to public Unicode; style-class solid
\faRocketchat	text	text	U+25A1	rocketchat			solid		lib-symb/fontawesome5/tex/latex/fontawesome5/fontawesome5-mapping.def	package PUA U+F3E8; mapped to public Unicode; style-class solid
\faRockrms	text	text	U+25A1	rockrms			solid		lib-symb/fontawesome5/tex/latex/fontawesome5/fontawesome5-mapping.def	package PUA U+F3E9; mapped to public Unicode; style-class solid
\faRoute	text	text	U+25A1	route			solid		lib-symb/fontawesome5/tex/latex/fontawesome5/fontawesome5-mapping.def	package PUA U+F4D7; mapped to public Unicode; style-class solid
\faRss	text	text	U+1F4E1	rss			solid		lib-symb/fontawesome5/tex/latex/fontawesome5/fontawesome5-mapping.def	package PUA U+F09E; mapped to public Unicode; style-class solid
\faRssSquare	text	text	U+25A1	rss-square			solid		lib-symb/fontawesome5/tex/latex/fontawesome5/fontawesome5-mapping.def	package PUA U+F143; mapped to public Unicode; style-class solid
\faRubleSign	text	text	U+25A1	ruble-sign			solid		lib-symb/fontawesome5/tex/latex/fontawesome5/fontawesome5-mapping.def	package PUA U+F158; mapped to public Unicode; style-class solid
\faRuler	text	text	U+25A1	ruler			solid		lib-symb/fontawesome5/tex/latex/fontawesome5/fontawesome5-mapping.def	package PUA U+F545; mapped to public Unicode; style-class solid
\faRulerCombined	text	text	U+25A1	ruler-combined			solid		lib-symb/fontawesome5/tex/latex/fontawesome5/fontawesome5-mapping.def	package PUA U+F546; mapped to public Unicode; style-class solid
\faRulerHorizontal	text	text	U+25A1	ruler-horizontal			solid		lib-symb/fontawesome5/tex/latex/fontawesome5/fontawesome5-mapping.def	package PUA U+F547; mapped to public Unicode; style-class solid
\faRulerVertical	text	text	U+25A1	ruler-vertical			solid		lib-symb/fontawesome5/tex/latex/fontawesome5/fontawesome5-mapping.def	package PUA U+F548; mapped to public Unicode; style-class solid
\faRunning	text	text	U+25A1	running			solid		lib-symb/fontawesome5/tex/latex/fontawesome5/fontawesome5-mapping.def	package PUA U+F70C; mapped to public Unicode; style-class solid
\faRupeeSign	text	text	U+25A1	rupee-sign			solid		lib-symb/fontawesome5/tex/latex/fontawesome5/fontawesome5-mapping.def	package PUA U+F156; mapped to public Unicode; style-class solid
\faRust	text	text	U+25A1	rust			solid		lib-symb/fontawesome5/tex/latex/fontawesome5/fontawesome5-mapping.def	package PUA U+E07A; mapped to public Unicode; style-class solid
\faSadCry	text	text	U+25A1	sad-cry			solid		lib-symb/fontawesome5/tex/latex/fontawesome5/fontawesome5-mapping.def	package PUA U+F5B3; mapped to public Unicode; style-class solid
\faSadTear	text	text	U+25A1	sad-tear			solid		lib-symb/fontawesome5/tex/latex/fontawesome5/fontawesome5-mapping.def	package PUA U+F5B4; mapped to public Unicode; style-class solid
\faSafari	text	text	U+25A1	safari			solid		lib-symb/fontawesome5/tex/latex/fontawesome5/fontawesome5-mapping.def	package PUA U+F267; mapped to public Unicode; style-class solid
\faSalesforce	text	text	U+25A1	salesforce			solid		lib-symb/fontawesome5/tex/latex/fontawesome5/fontawesome5-mapping.def	package PUA U+F83B; mapped to public Unicode; style-class solid
\faSass	text	text	U+25A1	sass			solid		lib-symb/fontawesome5/tex/latex/fontawesome5/fontawesome5-mapping.def	package PUA U+F41E; mapped to public Unicode; style-class solid
\faSatellite	text	text	U+25A1	satellite			solid		lib-symb/fontawesome5/tex/latex/fontawesome5/fontawesome5-mapping.def	package PUA U+F7BF; mapped to public Unicode; style-class solid
\faSatelliteDish	text	text	U+25A1	satellite-dish			solid		lib-symb/fontawesome5/tex/latex/fontawesome5/fontawesome5-mapping.def	package PUA U+F7C0; mapped to public Unicode; style-class solid
\faSave	text	text	U+1F4BE	save			solid		lib-symb/fontawesome5/tex/latex/fontawesome5/fontawesome5-mapping.def	package PUA U+F0C7; mapped to public Unicode; style-class solid
\faSchlix	text	text	U+25A1	schlix			solid		lib-symb/fontawesome5/tex/latex/fontawesome5/fontawesome5-mapping.def	package PUA U+F3EA; mapped to public Unicode; style-class solid
\faSchool	text	text	U+25A1	school			solid		lib-symb/fontawesome5/tex/latex/fontawesome5/fontawesome5-mapping.def	package PUA U+F549; mapped to public Unicode; style-class solid
\faScrewdriver	text	text	U+25A1	screwdriver			solid		lib-symb/fontawesome5/tex/latex/fontawesome5/fontawesome5-mapping.def	package PUA U+F54A; mapped to public Unicode; style-class solid
\faScribd	text	text	U+25A1	scribd			solid		lib-symb/fontawesome5/tex/latex/fontawesome5/fontawesome5-mapping.def	package PUA U+F28A; mapped to public Unicode; style-class solid
\faScroll	text	text	U+25A1	scroll			solid		lib-symb/fontawesome5/tex/latex/fontawesome5/fontawesome5-mapping.def	package PUA U+F70E; mapped to public Unicode; style-class solid
\faSdCard	text	text	U+25A1	sd-card			solid		lib-symb/fontawesome5/tex/latex/fontawesome5/fontawesome5-mapping.def	package PUA U+F7C2; mapped to public Unicode; style-class solid
\faSearch	text	text	U+1F50D	search			solid		lib-symb/fontawesome5/tex/latex/fontawesome5/fontawesome5-mapping.def	package PUA U+F002; mapped to public Unicode; style-class solid
\faSearchDollar	text	text	U+25A1	search-dollar			solid		lib-symb/fontawesome5/tex/latex/fontawesome5/fontawesome5-mapping.def	package PUA U+F688; mapped to public Unicode; style-class solid
\faSearchLocation	text	text	U+25A1	search-location			solid		lib-symb/fontawesome5/tex/latex/fontawesome5/fontawesome5-mapping.def	package PUA U+F689; mapped to public Unicode; style-class solid
\faSearchMinus	text	text	U+1F50D	search-minus			solid		lib-symb/fontawesome5/tex/latex/fontawesome5/fontawesome5-mapping.def	package PUA U+F010; mapped to public Unicode; style-class solid
\faSearchPlus	text	text	U+1F50D	search-plus			solid		lib-symb/fontawesome5/tex/latex/fontawesome5/fontawesome5-mapping.def	package PUA U+F00E; mapped to public Unicode; style-class solid
\faSearchengin	text	text	U+25A1	searchengin			solid		lib-symb/fontawesome5/tex/latex/fontawesome5/fontawesome5-mapping.def	package PUA U+F3EB; mapped to public Unicode; style-class solid
\faSeedling	text	text	U+25A1	seedling			solid		lib-symb/fontawesome5/tex/latex/fontawesome5/fontawesome5-mapping.def	package PUA U+F4D8; mapped to public Unicode; style-class solid
\faSellcast	text	text	U+25A1	sellcast			solid		lib-symb/fontawesome5/tex/latex/fontawesome5/fontawesome5-mapping.def	package PUA U+F2DA; mapped to public Unicode; style-class solid
\faSellsy	text	text	U+25A1	sellsy			solid		lib-symb/fontawesome5/tex/latex/fontawesome5/fontawesome5-mapping.def	package PUA U+F213; mapped to public Unicode; style-class solid
\faServer	text	text	U+1F5A5	server			solid		lib-symb/fontawesome5/tex/latex/fontawesome5/fontawesome5-mapping.def	package PUA U+F233; mapped to public Unicode; style-class solid
\faServicestack	text	text	U+25A1	servicestack			solid		lib-symb/fontawesome5/tex/latex/fontawesome5/fontawesome5-mapping.def	package PUA U+F3EC; mapped to public Unicode; style-class solid
\faShapes	text	text	U+25A1	shapes			solid		lib-symb/fontawesome5/tex/latex/fontawesome5/fontawesome5-mapping.def	package PUA U+F61F; mapped to public Unicode; style-class solid
\faShare	text	text	U+1F4E4	share			solid		lib-symb/fontawesome5/tex/latex/fontawesome5/fontawesome5-mapping.def	package PUA U+F064; mapped to public Unicode; style-class solid
\faShareAltSquare	text	text	U+25A1	share-alt-square			solid		lib-symb/fontawesome5/tex/latex/fontawesome5/fontawesome5-mapping.def	package PUA U+F1E1; mapped to public Unicode; style-class solid
\faShareSquare	text	text	U+25A1	share-square			solid		lib-symb/fontawesome5/tex/latex/fontawesome5/fontawesome5-mapping.def	package PUA U+F14D; mapped to public Unicode; style-class solid
\faShekelSign	text	text	U+25A1	shekel-sign			solid		lib-symb/fontawesome5/tex/latex/fontawesome5/fontawesome5-mapping.def	package PUA U+F20B; mapped to public Unicode; style-class solid
\faShieldVirus	text	text	U+25A1	shield-virus			solid		lib-symb/fontawesome5/tex/latex/fontawesome5/fontawesome5-mapping.def	package PUA U+E06C; mapped to public Unicode; style-class solid
\faShip	text	text	U+25A1	ship			solid		lib-symb/fontawesome5/tex/latex/fontawesome5/fontawesome5-mapping.def	package PUA U+F21A; mapped to public Unicode; style-class solid
\faShippingFast	text	text	U+25A1	shipping-fast			solid		lib-symb/fontawesome5/tex/latex/fontawesome5/fontawesome5-mapping.def	package PUA U+F48B; mapped to public Unicode; style-class solid
\faShirtsinbulk	text	text	U+25A1	shirtsinbulk			solid		lib-symb/fontawesome5/tex/latex/fontawesome5/fontawesome5-mapping.def	package PUA U+F214; mapped to public Unicode; style-class solid
\faShoePrints	text	text	U+25A1	shoe-prints			solid		lib-symb/fontawesome5/tex/latex/fontawesome5/fontawesome5-mapping.def	package PUA U+F54B; mapped to public Unicode; style-class solid
\faShopify	text	text	U+25A1	shopify			solid		lib-symb/fontawesome5/tex/latex/fontawesome5/fontawesome5-mapping.def	package PUA U+E057; mapped to public Unicode; style-class solid
\faShoppingBag	text	text	U+25A1	shopping-bag			solid		lib-symb/fontawesome5/tex/latex/fontawesome5/fontawesome5-mapping.def	package PUA U+F290; mapped to public Unicode; style-class solid
\faShoppingBasket	text	text	U+25A1	shopping-basket			solid		lib-symb/fontawesome5/tex/latex/fontawesome5/fontawesome5-mapping.def	package PUA U+F291; mapped to public Unicode; style-class solid
\faShoppingCart	text	text	U+1F6D2	shopping-cart			solid		lib-symb/fontawesome5/tex/latex/fontawesome5/fontawesome5-mapping.def	package PUA U+F07A; mapped to public Unicode; style-class solid
\faShopware	text	text	U+25A1	shopware			solid		lib-symb/fontawesome5/tex/latex/fontawesome5/fontawesome5-mapping.def	package PUA U+F5B5; mapped to public Unicode; style-class solid
\faShower	text	text	U+25A1	shower			solid		lib-symb/fontawesome5/tex/latex/fontawesome5/fontawesome5-mapping.def	package PUA U+F2CC; mapped to public Unicode; style-class solid
\faShuttleVan	text	text	U+25A1	shuttle-van			solid		lib-symb/fontawesome5/tex/latex/fontawesome5/fontawesome5-mapping.def	package PUA U+F5B6; mapped to public Unicode; style-class solid
\faSign	text	text	U+25A1	sign			solid		lib-symb/fontawesome5/tex/latex/fontawesome5/fontawesome5-mapping.def	package PUA U+F4D9; mapped to public Unicode; style-class solid
\faSignLanguage	text	text	U+25A1	sign-language			solid		lib-symb/fontawesome5/tex/latex/fontawesome5/fontawesome5-mapping.def	package PUA U+F2A7; mapped to public Unicode; style-class solid
\faSignature	text	text	U+25A1	signature			solid		lib-symb/fontawesome5/tex/latex/fontawesome5/fontawesome5-mapping.def	package PUA U+F5B7; mapped to public Unicode; style-class solid
\faSimCard	text	text	U+25A1	sim-card			solid		lib-symb/fontawesome5/tex/latex/fontawesome5/fontawesome5-mapping.def	package PUA U+F7C4; mapped to public Unicode; style-class solid
\faSimplybuilt	text	text	U+25A1	simplybuilt			solid		lib-symb/fontawesome5/tex/latex/fontawesome5/fontawesome5-mapping.def	package PUA U+F215; mapped to public Unicode; style-class solid
\faSink	text	text	U+25A1	sink			solid		lib-symb/fontawesome5/tex/latex/fontawesome5/fontawesome5-mapping.def	package PUA U+E06D; mapped to public Unicode; style-class solid
\faSistrix	text	text	U+25A1	sistrix			solid		lib-symb/fontawesome5/tex/latex/fontawesome5/fontawesome5-mapping.def	package PUA U+F3EE; mapped to public Unicode; style-class solid
\faSitemap	text	text	U+1F5A7	sitemap			solid		lib-symb/fontawesome5/tex/latex/fontawesome5/fontawesome5-mapping.def	package PUA U+F0E8; mapped to public Unicode; style-class solid
\faSith	text	text	U+25A1	sith			solid		lib-symb/fontawesome5/tex/latex/fontawesome5/fontawesome5-mapping.def	package PUA U+F512; mapped to public Unicode; style-class solid
\faSkating	text	text	U+25A1	skating			solid		lib-symb/fontawesome5/tex/latex/fontawesome5/fontawesome5-mapping.def	package PUA U+F7C5; mapped to public Unicode; style-class solid
\faSketch	text	text	U+25A1	sketch			solid		lib-symb/fontawesome5/tex/latex/fontawesome5/fontawesome5-mapping.def	package PUA U+F7C6; mapped to public Unicode; style-class solid
\faSkiing	text	text	U+25A1	skiing			solid		lib-symb/fontawesome5/tex/latex/fontawesome5/fontawesome5-mapping.def	package PUA U+F7C9; mapped to public Unicode; style-class solid
\faSkiingNordic	text	text	U+25A1	skiing-nordic			solid		lib-symb/fontawesome5/tex/latex/fontawesome5/fontawesome5-mapping.def	package PUA U+F7CA; mapped to public Unicode; style-class solid
\faSkull	text	text	U+25A1	skull			solid		lib-symb/fontawesome5/tex/latex/fontawesome5/fontawesome5-mapping.def	package PUA U+F54C; mapped to public Unicode; style-class solid
\faSkullCrossbones	text	text	U+25A1	skull-crossbones			solid		lib-symb/fontawesome5/tex/latex/fontawesome5/fontawesome5-mapping.def	package PUA U+F714; mapped to public Unicode; style-class solid
\faSkyatlas	text	text	U+25A1	skyatlas			solid		lib-symb/fontawesome5/tex/latex/fontawesome5/fontawesome5-mapping.def	package PUA U+F216; mapped to public Unicode; style-class solid
\faSkype	text	text	U+25A1	skype			solid		lib-symb/fontawesome5/tex/latex/fontawesome5/fontawesome5-mapping.def	package PUA U+F17E; mapped to public Unicode; style-class solid
\faSlack	text	text	U+25A1	slack			solid		lib-symb/fontawesome5/tex/latex/fontawesome5/fontawesome5-mapping.def	package PUA U+F198; mapped to public Unicode; style-class solid
\faSlackHash	text	text	U+25A1	slack-hash			solid		lib-symb/fontawesome5/tex/latex/fontawesome5/fontawesome5-mapping.def	package PUA U+F3EF; mapped to public Unicode; style-class solid
\faSlash	text	text	U+25A1	slash			solid		lib-symb/fontawesome5/tex/latex/fontawesome5/fontawesome5-mapping.def	package PUA U+F715; mapped to public Unicode; style-class solid
\faSleigh	text	text	U+25A1	sleigh			solid		lib-symb/fontawesome5/tex/latex/fontawesome5/fontawesome5-mapping.def	package PUA U+F7CC; mapped to public Unicode; style-class solid
\faSlidersH	text	text	U+2699	sliders-h			solid		lib-symb/fontawesome5/tex/latex/fontawesome5/fontawesome5-mapping.def	package PUA U+F1DE; mapped to public Unicode; style-class solid
\faSlideshare	text	text	U+25A1	slideshare			solid		lib-symb/fontawesome5/tex/latex/fontawesome5/fontawesome5-mapping.def	package PUA U+F1E7; mapped to public Unicode; style-class solid
\faSmile	text	text	U+263A	smile			solid		lib-symb/fontawesome5/tex/latex/fontawesome5/fontawesome5-mapping.def	package PUA U+F118; mapped to public Unicode; style-class solid
\faSmileBeam	text	text	U+25A1	smile-beam			solid		lib-symb/fontawesome5/tex/latex/fontawesome5/fontawesome5-mapping.def	package PUA U+F5B8; mapped to public Unicode; style-class solid
\faSmileWink	text	text	U+25A1	smile-wink			solid		lib-symb/fontawesome5/tex/latex/fontawesome5/fontawesome5-mapping.def	package PUA U+F4DA; mapped to public Unicode; style-class solid
\faSmog	text	text	U+25A1	smog			solid		lib-symb/fontawesome5/tex/latex/fontawesome5/fontawesome5-mapping.def	package PUA U+F75F; mapped to public Unicode; style-class solid
\faSmoking	text	text	U+25A1	smoking			solid		lib-symb/fontawesome5/tex/latex/fontawesome5/fontawesome5-mapping.def	package PUA U+F48D; mapped to public Unicode; style-class solid
\faSmokingBan	text	text	U+25A1	smoking-ban			solid		lib-symb/fontawesome5/tex/latex/fontawesome5/fontawesome5-mapping.def	package PUA U+F54D; mapped to public Unicode; style-class solid
\faSms	text	text	U+25A1	sms			solid		lib-symb/fontawesome5/tex/latex/fontawesome5/fontawesome5-mapping.def	package PUA U+F7CD; mapped to public Unicode; style-class solid
\faSnapchat	text	text	U+25A1	snapchat			solid		lib-symb/fontawesome5/tex/latex/fontawesome5/fontawesome5-mapping.def	package PUA U+F2AB; mapped to public Unicode; style-class solid
\faSnapchatGhost	text	text	U+25A1	snapchat-ghost			solid		lib-symb/fontawesome5/tex/latex/fontawesome5/fontawesome5-mapping.def	package PUA U+F2AC; mapped to public Unicode; style-class solid
\faSnapchatSquare	text	text	U+25A1	snapchat-square			solid		lib-symb/fontawesome5/tex/latex/fontawesome5/fontawesome5-mapping.def	package PUA U+F2AD; mapped to public Unicode; style-class solid
\faSnowboarding	text	text	U+25A1	snowboarding			solid		lib-symb/fontawesome5/tex/latex/fontawesome5/fontawesome5-mapping.def	package PUA U+F7CE; mapped to public Unicode; style-class solid
\faSnowflake	text	text	U+2744	snowflake			solid		lib-symb/fontawesome5/tex/latex/fontawesome5/fontawesome5-mapping.def	package PUA U+F2DC; mapped to public Unicode; style-class solid
\faSnowman	text	text	U+25A1	snowman			solid		lib-symb/fontawesome5/tex/latex/fontawesome5/fontawesome5-mapping.def	package PUA U+F7D0; mapped to public Unicode; style-class solid
\faSnowplow	text	text	U+25A1	snowplow			solid		lib-symb/fontawesome5/tex/latex/fontawesome5/fontawesome5-mapping.def	package PUA U+F7D2; mapped to public Unicode; style-class solid
\faSoap	text	text	U+25A1	soap			solid		lib-symb/fontawesome5/tex/latex/fontawesome5/fontawesome5-mapping.def	package PUA U+E06E; mapped to public Unicode; style-class solid
\faSocks	text	text	U+25A1	socks			solid		lib-symb/fontawesome5/tex/latex/fontawesome5/fontawesome5-mapping.def	package PUA U+F696; mapped to public Unicode; style-class solid
\faSolarPanel	text	text	U+25A1	solar-panel			solid		lib-symb/fontawesome5/tex/latex/fontawesome5/fontawesome5-mapping.def	package PUA U+F5BA; mapped to public Unicode; style-class solid
\faSort	text	text	U+2195	sort			solid	\updownarrow	lib-symb/fontawesome5/tex/latex/fontawesome5/fontawesome5-mapping.def	package PUA U+F0DC; mapped to public Unicode; style-class solid
\faSortAlphaDown	text	text	U+25A1	sort-alpha-down			solid		lib-symb/fontawesome5/tex/latex/fontawesome5/fontawesome5-mapping.def	package PUA U+F15D; mapped to public Unicode; style-class solid
\faSortAlphaUp	text	text	U+25A1	sort-alpha-up			solid		lib-symb/fontawesome5/tex/latex/fontawesome5/fontawesome5-mapping.def	package PUA U+F15E; mapped to public Unicode; style-class solid
\faSortAmountDown	text	text	U+25A1	sort-amount-down			solid		lib-symb/fontawesome5/tex/latex/fontawesome5/fontawesome5-mapping.def	package PUA U+F160; mapped to public Unicode; style-class solid
\faSortAmountUp	text	text	U+25A1	sort-amount-up			solid		lib-symb/fontawesome5/tex/latex/fontawesome5/fontawesome5-mapping.def	package PUA U+F161; mapped to public Unicode; style-class solid
\faSortDown	text	text	U+25A1	sort-down			solid		lib-symb/fontawesome5/tex/latex/fontawesome5/fontawesome5-mapping.def	package PUA U+F0DD; mapped to public Unicode; style-class solid
\faSortNumericDown	text	text	U+25A1	sort-numeric-down			solid		lib-symb/fontawesome5/tex/latex/fontawesome5/fontawesome5-mapping.def	package PUA U+F162; mapped to public Unicode; style-class solid
\faSortNumericUp	text	text	U+25A1	sort-numeric-up			solid		lib-symb/fontawesome5/tex/latex/fontawesome5/fontawesome5-mapping.def	package PUA U+F163; mapped to public Unicode; style-class solid
\faSortUp	text	text	U+25A1	sort-up			solid		lib-symb/fontawesome5/tex/latex/fontawesome5/fontawesome5-mapping.def	package PUA U+F0DE; mapped to public Unicode; style-class solid
\faSoundcloud	text	text	U+25A1	soundcloud			solid		lib-symb/fontawesome5/tex/latex/fontawesome5/fontawesome5-mapping.def	package PUA U+F1BE; mapped to public Unicode; style-class solid
\faSourcetree	text	text	U+25A1	sourcetree			solid		lib-symb/fontawesome5/tex/latex/fontawesome5/fontawesome5-mapping.def	package PUA U+F7D3; mapped to public Unicode; style-class solid
\faSpa	text	text	U+25A1	spa			solid		lib-symb/fontawesome5/tex/latex/fontawesome5/fontawesome5-mapping.def	package PUA U+F5BB; mapped to public Unicode; style-class solid
\faSpaceShuttle	text	text	U+25A1	space-shuttle			solid		lib-symb/fontawesome5/tex/latex/fontawesome5/fontawesome5-mapping.def	package PUA U+F197; mapped to public Unicode; style-class solid
\faSpeakap	text	text	U+25A1	speakap			solid		lib-symb/fontawesome5/tex/latex/fontawesome5/fontawesome5-mapping.def	package PUA U+F3F3; mapped to public Unicode; style-class solid
\faSpeakerDeck	text	text	U+25A1	speaker-deck			solid		lib-symb/fontawesome5/tex/latex/fontawesome5/fontawesome5-mapping.def	package PUA U+F83C; mapped to public Unicode; style-class solid
\faSpellCheck	text	text	U+25A1	spell-check			solid		lib-symb/fontawesome5/tex/latex/fontawesome5/fontawesome5-mapping.def	package PUA U+F891; mapped to public Unicode; style-class solid
\faSpider	text	text	U+25A1	spider			solid		lib-symb/fontawesome5/tex/latex/fontawesome5/fontawesome5-mapping.def	package PUA U+F717; mapped to public Unicode; style-class solid
\faSpinner	text	text	U+1F504	spinner			solid		lib-symb/fontawesome5/tex/latex/fontawesome5/fontawesome5-mapping.def	package PUA U+F110; mapped to public Unicode; style-class solid
\faSplotch	text	text	U+25A1	splotch			solid		lib-symb/fontawesome5/tex/latex/fontawesome5/fontawesome5-mapping.def	package PUA U+F5BC; mapped to public Unicode; style-class solid
\faSpotify	text	text	U+25A1	spotify			solid		lib-symb/fontawesome5/tex/latex/fontawesome5/fontawesome5-mapping.def	package PUA U+F1BC; mapped to public Unicode; style-class solid
\faSprayCan	text	text	U+25A1	spray-can			solid		lib-symb/fontawesome5/tex/latex/fontawesome5/fontawesome5-mapping.def	package PUA U+F5BD; mapped to public Unicode; style-class solid
\faSquare	text	text	U+25A0	square			solid	\blacksquare	lib-symb/fontawesome5/tex/latex/fontawesome5/fontawesome5-mapping.def	package PUA U+F0C8; mapped to public Unicode; style-class solid
\faSquareFull	text	text	U+25A1	square-full			solid		lib-symb/fontawesome5/tex/latex/fontawesome5/fontawesome5-mapping.def	package PUA U+F45C; mapped to public Unicode; style-class solid
\faSquarespace	text	text	U+25A1	squarespace			solid		lib-symb/fontawesome5/tex/latex/fontawesome5/fontawesome5-mapping.def	package PUA U+F5BE; mapped to public Unicode; style-class solid
\faStackExchange	text	text	U+25A1	stack-exchange			solid		lib-symb/fontawesome5/tex/latex/fontawesome5/fontawesome5-mapping.def	package PUA U+F18D; mapped to public Unicode; style-class solid
\faStackOverflow	text	text	U+25A1	stack-overflow			solid		lib-symb/fontawesome5/tex/latex/fontawesome5/fontawesome5-mapping.def	package PUA U+F16C; mapped to public Unicode; style-class solid
\faStackpath	text	text	U+25A1	stackpath			solid		lib-symb/fontawesome5/tex/latex/fontawesome5/fontawesome5-mapping.def	package PUA U+F842; mapped to public Unicode; style-class solid
\faStamp	text	text	U+25A1	stamp			solid		lib-symb/fontawesome5/tex/latex/fontawesome5/fontawesome5-mapping.def	package PUA U+F5BF; mapped to public Unicode; style-class solid
\faStar	text	text	U+2605	star			solid	\bigstar	lib-symb/fontawesome5/tex/latex/fontawesome5/fontawesome5-mapping.def	package PUA U+F005; mapped to public Unicode; style-class solid
\faStarAndCrescent	text	text	U+25A1	star-and-crescent			solid		lib-symb/fontawesome5/tex/latex/fontawesome5/fontawesome5-mapping.def	package PUA U+F699; mapped to public Unicode; style-class solid
\faStarHalf	text	text	U+2BE8	star-half			solid		lib-symb/fontawesome5/tex/latex/fontawesome5/fontawesome5-mapping.def	package PUA U+F089; mapped to public Unicode; style-class solid
\faStarOfDavid	text	text	U+25A1	star-of-david			solid		lib-symb/fontawesome5/tex/latex/fontawesome5/fontawesome5-mapping.def	package PUA U+F69A; mapped to public Unicode; style-class solid
\faStarOfLife	text	text	U+25A1	star-of-life			solid		lib-symb/fontawesome5/tex/latex/fontawesome5/fontawesome5-mapping.def	package PUA U+F621; mapped to public Unicode; style-class solid
\faStaylinked	text	text	U+25A1	staylinked			solid		lib-symb/fontawesome5/tex/latex/fontawesome5/fontawesome5-mapping.def	package PUA U+F3F5; mapped to public Unicode; style-class solid
\faSteam	text	text	U+25A1	steam			solid		lib-symb/fontawesome5/tex/latex/fontawesome5/fontawesome5-mapping.def	package PUA U+F1B6; mapped to public Unicode; style-class solid
\faSteamSquare	text	text	U+25A1	steam-square			solid		lib-symb/fontawesome5/tex/latex/fontawesome5/fontawesome5-mapping.def	package PUA U+F1B7; mapped to public Unicode; style-class solid
\faSteamSymbol	text	text	U+25A1	steam-symbol			solid		lib-symb/fontawesome5/tex/latex/fontawesome5/fontawesome5-mapping.def	package PUA U+F3F6; mapped to public Unicode; style-class solid
\faStepBackward	text	text	U+23EE	step-backward			solid		lib-symb/fontawesome5/tex/latex/fontawesome5/fontawesome5-mapping.def	package PUA U+F048; mapped to public Unicode; style-class solid
\faStepForward	text	text	U+23ED	step-forward			solid		lib-symb/fontawesome5/tex/latex/fontawesome5/fontawesome5-mapping.def	package PUA U+F051; mapped to public Unicode; style-class solid
\faStethoscope	text	text	U+25A1	stethoscope			solid		lib-symb/fontawesome5/tex/latex/fontawesome5/fontawesome5-mapping.def	package PUA U+F0F1; mapped to public Unicode; style-class solid
\faStickerMule	text	text	U+25A1	sticker-mule			solid		lib-symb/fontawesome5/tex/latex/fontawesome5/fontawesome5-mapping.def	package PUA U+F3F7; mapped to public Unicode; style-class solid
\faStickyNote	text	text	U+25A1	sticky-note			solid		lib-symb/fontawesome5/tex/latex/fontawesome5/fontawesome5-mapping.def	package PUA U+F249; mapped to public Unicode; style-class solid
\faStop	text	text	U+25A0	stop			solid	\blacksquare	lib-symb/fontawesome5/tex/latex/fontawesome5/fontawesome5-mapping.def	package PUA U+F04D; mapped to public Unicode; style-class solid
\faStopCircle	text	text	U+23F9	stop-circle			solid		lib-symb/fontawesome5/tex/latex/fontawesome5/fontawesome5-mapping.def	package PUA U+F28D; mapped to public Unicode; style-class solid
\faStore	text	text	U+25A1	store			solid		lib-symb/fontawesome5/tex/latex/fontawesome5/fontawesome5-mapping.def	package PUA U+F54E; mapped to public Unicode; style-class solid
\faStoreAltSlash	text	text	U+25A1	store-alt-slash			solid		lib-symb/fontawesome5/tex/latex/fontawesome5/fontawesome5-mapping.def	package PUA U+E070; mapped to public Unicode; style-class solid
\faStoreSlash	text	text	U+25A1	store-slash			solid		lib-symb/fontawesome5/tex/latex/fontawesome5/fontawesome5-mapping.def	package PUA U+E071; mapped to public Unicode; style-class solid
\faStrava	text	text	U+25A1	strava			solid		lib-symb/fontawesome5/tex/latex/fontawesome5/fontawesome5-mapping.def	package PUA U+F428; mapped to public Unicode; style-class solid
\faStream	text	text	U+25A1	stream			solid		lib-symb/fontawesome5/tex/latex/fontawesome5/fontawesome5-mapping.def	package PUA U+F550; mapped to public Unicode; style-class solid
\faStreetView	text	text	U+25A1	street-view			solid		lib-symb/fontawesome5/tex/latex/fontawesome5/fontawesome5-mapping.def	package PUA U+F21D; mapped to public Unicode; style-class solid
\faStrikethrough	text	text	U+25A1	strikethrough			solid		lib-symb/fontawesome5/tex/latex/fontawesome5/fontawesome5-mapping.def	package PUA U+F0CC; mapped to public Unicode; style-class solid
\faStripe	text	text	U+25A1	stripe			solid		lib-symb/fontawesome5/tex/latex/fontawesome5/fontawesome5-mapping.def	package PUA U+F429; mapped to public Unicode; style-class solid
\faStripeS	text	text	U+25A1	stripe-s			solid		lib-symb/fontawesome5/tex/latex/fontawesome5/fontawesome5-mapping.def	package PUA U+F42A; mapped to public Unicode; style-class solid
\faStroopwafel	text	text	U+25A1	stroopwafel			solid		lib-symb/fontawesome5/tex/latex/fontawesome5/fontawesome5-mapping.def	package PUA U+F551; mapped to public Unicode; style-class solid
\faStudiovinari	text	text	U+25A1	studiovinari			solid		lib-symb/fontawesome5/tex/latex/fontawesome5/fontawesome5-mapping.def	package PUA U+F3F8; mapped to public Unicode; style-class solid
\faStumbleupon	text	text	U+25A1	stumbleupon			solid		lib-symb/fontawesome5/tex/latex/fontawesome5/fontawesome5-mapping.def	package PUA U+F1A4; mapped to public Unicode; style-class solid
\faStumbleuponCircle	text	text	U+25A1	stumbleupon-circle			solid		lib-symb/fontawesome5/tex/latex/fontawesome5/fontawesome5-mapping.def	package PUA U+F1A3; mapped to public Unicode; style-class solid
\faSubscript	text	text	U+25A1	subscript			solid		lib-symb/fontawesome5/tex/latex/fontawesome5/fontawesome5-mapping.def	package PUA U+F12C; mapped to public Unicode; style-class solid
\faSubway	text	text	U+25A1	subway			solid		lib-symb/fontawesome5/tex/latex/fontawesome5/fontawesome5-mapping.def	package PUA U+F239; mapped to public Unicode; style-class solid
\faSuitcase	text	text	U+25A1	suitcase			solid		lib-symb/fontawesome5/tex/latex/fontawesome5/fontawesome5-mapping.def	package PUA U+F0F2; mapped to public Unicode; style-class solid
\faSuitcaseRolling	text	text	U+25A1	suitcase-rolling			solid		lib-symb/fontawesome5/tex/latex/fontawesome5/fontawesome5-mapping.def	package PUA U+F5C1; mapped to public Unicode; style-class solid
\faSun	text	text	U+2600	sun			solid		lib-symb/fontawesome5/tex/latex/fontawesome5/fontawesome5-mapping.def	package PUA U+F185; mapped to public Unicode; style-class solid
\faSuperpowers	text	text	U+25A1	superpowers			solid		lib-symb/fontawesome5/tex/latex/fontawesome5/fontawesome5-mapping.def	package PUA U+F2DD; mapped to public Unicode; style-class solid
\faSuperscript	text	text	U+25A1	superscript			solid		lib-symb/fontawesome5/tex/latex/fontawesome5/fontawesome5-mapping.def	package PUA U+F12B; mapped to public Unicode; style-class solid
\faSupple	text	text	U+25A1	supple			solid		lib-symb/fontawesome5/tex/latex/fontawesome5/fontawesome5-mapping.def	package PUA U+F3F9; mapped to public Unicode; style-class solid
\faSurprise	text	text	U+25A1	surprise			solid		lib-symb/fontawesome5/tex/latex/fontawesome5/fontawesome5-mapping.def	package PUA U+F5C2; mapped to public Unicode; style-class solid
\faSuse	text	text	U+25A1	suse			solid		lib-symb/fontawesome5/tex/latex/fontawesome5/fontawesome5-mapping.def	package PUA U+F7D6; mapped to public Unicode; style-class solid
\faSwatchbook	text	text	U+25A1	swatchbook			solid		lib-symb/fontawesome5/tex/latex/fontawesome5/fontawesome5-mapping.def	package PUA U+F5C3; mapped to public Unicode; style-class solid
\faSwift	text	text	U+25A1	swift			solid		lib-symb/fontawesome5/tex/latex/fontawesome5/fontawesome5-mapping.def	package PUA U+F8E1; mapped to public Unicode; style-class solid
\faSwimmer	text	text	U+25A1	swimmer			solid		lib-symb/fontawesome5/tex/latex/fontawesome5/fontawesome5-mapping.def	package PUA U+F5C4; mapped to public Unicode; style-class solid
\faSwimmingPool	text	text	U+25A1	swimming-pool			solid		lib-symb/fontawesome5/tex/latex/fontawesome5/fontawesome5-mapping.def	package PUA U+F5C5; mapped to public Unicode; style-class solid
\faSymfony	text	text	U+25A1	symfony			solid		lib-symb/fontawesome5/tex/latex/fontawesome5/fontawesome5-mapping.def	package PUA U+F83D; mapped to public Unicode; style-class solid
\faSynagogue	text	text	U+25A1	synagogue			solid		lib-symb/fontawesome5/tex/latex/fontawesome5/fontawesome5-mapping.def	package PUA U+F69B; mapped to public Unicode; style-class solid
\faSync	text	text	U+1F504	sync			solid		lib-symb/fontawesome5/tex/latex/fontawesome5/fontawesome5-mapping.def	package PUA U+F021; mapped to public Unicode; style-class solid
\faSyringe	text	text	U+25A1	syringe			solid		lib-symb/fontawesome5/tex/latex/fontawesome5/fontawesome5-mapping.def	package PUA U+F48E; mapped to public Unicode; style-class solid
\faTable	text	text	U+1F4CB	table			solid		lib-symb/fontawesome5/tex/latex/fontawesome5/fontawesome5-mapping.def	package PUA U+F0CE; mapped to public Unicode; style-class solid
\faTableTennis	text	text	U+25A1	table-tennis			solid		lib-symb/fontawesome5/tex/latex/fontawesome5/fontawesome5-mapping.def	package PUA U+F45D; mapped to public Unicode; style-class solid
\faTablet	text	text	U+1F4F1	tablet			solid		lib-symb/fontawesome5/tex/latex/fontawesome5/fontawesome5-mapping.def	package PUA U+F10A; mapped to public Unicode; style-class solid
\faTablets	text	text	U+25A1	tablets			solid		lib-symb/fontawesome5/tex/latex/fontawesome5/fontawesome5-mapping.def	package PUA U+F490; mapped to public Unicode; style-class solid
\faTag	text	text	U+1F3F7	tag			solid		lib-symb/fontawesome5/tex/latex/fontawesome5/fontawesome5-mapping.def	package PUA U+F02B; mapped to public Unicode; style-class solid
\faTags	text	text	U+1F3F7	tags			solid		lib-symb/fontawesome5/tex/latex/fontawesome5/fontawesome5-mapping.def	package PUA U+F02C; mapped to public Unicode; style-class solid
\faTape	text	text	U+25A1	tape			solid		lib-symb/fontawesome5/tex/latex/fontawesome5/fontawesome5-mapping.def	package PUA U+F4DB; mapped to public Unicode; style-class solid
\faTasks	text	text	U+2611	tasks			solid		lib-symb/fontawesome5/tex/latex/fontawesome5/fontawesome5-mapping.def	package PUA U+F0AE; mapped to public Unicode; style-class solid
\faTaxi	text	text	U+1F695	taxi			solid		lib-symb/fontawesome5/tex/latex/fontawesome5/fontawesome5-mapping.def	package PUA U+F1BA; mapped to public Unicode; style-class solid
\faTeamspeak	text	text	U+25A1	teamspeak			solid		lib-symb/fontawesome5/tex/latex/fontawesome5/fontawesome5-mapping.def	package PUA U+F4F9; mapped to public Unicode; style-class solid
\faTeeth	text	text	U+25A1	teeth			solid		lib-symb/fontawesome5/tex/latex/fontawesome5/fontawesome5-mapping.def	package PUA U+F62E; mapped to public Unicode; style-class solid
\faTeethOpen	text	text	U+25A1	teeth-open			solid		lib-symb/fontawesome5/tex/latex/fontawesome5/fontawesome5-mapping.def	package PUA U+F62F; mapped to public Unicode; style-class solid
\faTelegram	text	text	U+25A1	telegram			solid		lib-symb/fontawesome5/tex/latex/fontawesome5/fontawesome5-mapping.def	package PUA U+F2C6; mapped to public Unicode; style-class solid
\faTelegramPlane	text	text	U+25A1	telegram-plane			solid		lib-symb/fontawesome5/tex/latex/fontawesome5/fontawesome5-mapping.def	package PUA U+F3FE; mapped to public Unicode; style-class solid
\faTemperatureHigh	text	text	U+25A1	temperature-high			solid		lib-symb/fontawesome5/tex/latex/fontawesome5/fontawesome5-mapping.def	package PUA U+F769; mapped to public Unicode; style-class solid
\faTemperatureLow	text	text	U+25A1	temperature-low			solid		lib-symb/fontawesome5/tex/latex/fontawesome5/fontawesome5-mapping.def	package PUA U+F76B; mapped to public Unicode; style-class solid
\faTencentWeibo	text	text	U+25A1	tencent-weibo			solid		lib-symb/fontawesome5/tex/latex/fontawesome5/fontawesome5-mapping.def	package PUA U+F1D5; mapped to public Unicode; style-class solid
\faTenge	text	text	U+25A1	tenge			solid		lib-symb/fontawesome5/tex/latex/fontawesome5/fontawesome5-mapping.def	package PUA U+F7D7; mapped to public Unicode; style-class solid
\faTerminal	text	text	U+1F4BB	terminal			solid		lib-symb/fontawesome5/tex/latex/fontawesome5/fontawesome5-mapping.def	package PUA U+F120; mapped to public Unicode; style-class solid
\faTextHeight	text	text	U+25A1	text-height			solid		lib-symb/fontawesome5/tex/latex/fontawesome5/fontawesome5-mapping.def	package PUA U+F034; mapped to public Unicode; style-class solid
\faTextWidth	text	text	U+25A1	text-width			solid		lib-symb/fontawesome5/tex/latex/fontawesome5/fontawesome5-mapping.def	package PUA U+F035; mapped to public Unicode; style-class solid
\faTh	text	text	U+25A1	th			solid		lib-symb/fontawesome5/tex/latex/fontawesome5/fontawesome5-mapping.def	package PUA U+F00A; mapped to public Unicode; style-class solid
\faThLarge	text	text	U+25A1	th-large			solid		lib-symb/fontawesome5/tex/latex/fontawesome5/fontawesome5-mapping.def	package PUA U+F009; mapped to public Unicode; style-class solid
\faThList	text	text	U+25A1	th-list			solid		lib-symb/fontawesome5/tex/latex/fontawesome5/fontawesome5-mapping.def	package PUA U+F00B; mapped to public Unicode; style-class solid
\faTheRedYeti	text	text	U+25A1	the-red-yeti			solid		lib-symb/fontawesome5/tex/latex/fontawesome5/fontawesome5-mapping.def	package PUA U+F69D; mapped to public Unicode; style-class solid
\faTheaterMasks	text	text	U+25A1	theater-masks			solid		lib-symb/fontawesome5/tex/latex/fontawesome5/fontawesome5-mapping.def	package PUA U+F630; mapped to public Unicode; style-class solid
\faThemeco	text	text	U+25A1	themeco			solid		lib-symb/fontawesome5/tex/latex/fontawesome5/fontawesome5-mapping.def	package PUA U+F5C6; mapped to public Unicode; style-class solid
\faThemeisle	text	text	U+25A1	themeisle			solid		lib-symb/fontawesome5/tex/latex/fontawesome5/fontawesome5-mapping.def	package PUA U+F2B2; mapped to public Unicode; style-class solid
\faThermometer	text	text	U+25A1	thermometer			solid		lib-symb/fontawesome5/tex/latex/fontawesome5/fontawesome5-mapping.def	package PUA U+F491; mapped to public Unicode; style-class solid
\faThermometerEmpty	text	text	U+25A1	thermometer-empty			solid		lib-symb/fontawesome5/tex/latex/fontawesome5/fontawesome5-mapping.def	package PUA U+F2CB; mapped to public Unicode; style-class solid
\faThermometerFull	text	text	U+25A1	thermometer-full			solid		lib-symb/fontawesome5/tex/latex/fontawesome5/fontawesome5-mapping.def	package PUA U+F2C7; mapped to public Unicode; style-class solid
\faThermometerHalf	text	text	U+25A1	thermometer-half			solid		lib-symb/fontawesome5/tex/latex/fontawesome5/fontawesome5-mapping.def	package PUA U+F2C9; mapped to public Unicode; style-class solid
\faThermometerQuarter	text	text	U+25A1	thermometer-quarter			solid		lib-symb/fontawesome5/tex/latex/fontawesome5/fontawesome5-mapping.def	package PUA U+F2CA; mapped to public Unicode; style-class solid
\faThermometerThreeQuarters	text	text	U+25A1	thermometer-three-quarters			solid		lib-symb/fontawesome5/tex/latex/fontawesome5/fontawesome5-mapping.def	package PUA U+F2C8; mapped to public Unicode; style-class solid
\faThinkPeaks	text	text	U+25A1	think-peaks			solid		lib-symb/fontawesome5/tex/latex/fontawesome5/fontawesome5-mapping.def	package PUA U+F731; mapped to public Unicode; style-class solid
\faThumbsDown	text	text	U+1F44E	thumbs-down			solid		lib-symb/fontawesome5/tex/latex/fontawesome5/fontawesome5-mapping.def	package PUA U+F165; mapped to public Unicode; style-class solid
\faThumbsUp	text	text	U+1F44D	thumbs-up			solid		lib-symb/fontawesome5/tex/latex/fontawesome5/fontawesome5-mapping.def	package PUA U+F164; mapped to public Unicode; style-class solid
\faThumbtack	text	text	U+1F4CC	thumbtack			solid		lib-symb/fontawesome5/tex/latex/fontawesome5/fontawesome5-mapping.def	package PUA U+F08D; mapped to public Unicode; style-class solid
\faTiktok	text	text	U+25A1	tiktok			solid		lib-symb/fontawesome5/tex/latex/fontawesome5/fontawesome5-mapping.def	package PUA U+E07B; mapped to public Unicode; style-class solid
\faTimes	text	text	U+00D7	times			solid	\times	lib-symb/fontawesome5/tex/latex/fontawesome5/fontawesome5-mapping.def	package PUA U+F00D; mapped to public Unicode; style-class solid
\faTimesCircle	text	text	U+2716	times-circle			solid		lib-symb/fontawesome5/tex/latex/fontawesome5/fontawesome5-mapping.def	package PUA U+F057; mapped to public Unicode; style-class solid
\faTint	text	text	U+1F4A7	tint			solid		lib-symb/fontawesome5/tex/latex/fontawesome5/fontawesome5-mapping.def	package PUA U+F043; mapped to public Unicode; style-class solid
\faTintSlash	text	text	U+25A1	tint-slash			solid		lib-symb/fontawesome5/tex/latex/fontawesome5/fontawesome5-mapping.def	package PUA U+F5C7; mapped to public Unicode; style-class solid
\faTired	text	text	U+25A1	tired			solid		lib-symb/fontawesome5/tex/latex/fontawesome5/fontawesome5-mapping.def	package PUA U+F5C8; mapped to public Unicode; style-class solid
\faToggleOff	text	text	U+1F51B	toggle-off			solid		lib-symb/fontawesome5/tex/latex/fontawesome5/fontawesome5-mapping.def	package PUA U+F204; mapped to public Unicode; style-class solid
\faToggleOn	text	text	U+1F51C	toggle-on			solid		lib-symb/fontawesome5/tex/latex/fontawesome5/fontawesome5-mapping.def	package PUA U+F205; mapped to public Unicode; style-class solid
\faToilet	text	text	U+25A1	toilet			solid		lib-symb/fontawesome5/tex/latex/fontawesome5/fontawesome5-mapping.def	package PUA U+F7D8; mapped to public Unicode; style-class solid
\faToiletPaper	text	text	U+25A1	toilet-paper			solid		lib-symb/fontawesome5/tex/latex/fontawesome5/fontawesome5-mapping.def	package PUA U+F71E; mapped to public Unicode; style-class solid
\faToiletPaperSlash	text	text	U+25A1	toilet-paper-slash			solid		lib-symb/fontawesome5/tex/latex/fontawesome5/fontawesome5-mapping.def	package PUA U+E072; mapped to public Unicode; style-class solid
\faToolbox	text	text	U+25A1	toolbox			solid		lib-symb/fontawesome5/tex/latex/fontawesome5/fontawesome5-mapping.def	package PUA U+F552; mapped to public Unicode; style-class solid
\faTools	text	text	U+25A1	tools			solid		lib-symb/fontawesome5/tex/latex/fontawesome5/fontawesome5-mapping.def	package PUA U+F7D9; mapped to public Unicode; style-class solid
\faTooth	text	text	U+25A1	tooth			solid		lib-symb/fontawesome5/tex/latex/fontawesome5/fontawesome5-mapping.def	package PUA U+F5C9; mapped to public Unicode; style-class solid
\faTorah	text	text	U+25A1	torah			solid		lib-symb/fontawesome5/tex/latex/fontawesome5/fontawesome5-mapping.def	package PUA U+F6A0; mapped to public Unicode; style-class solid
\faToriiGate	text	text	U+25A1	torii-gate			solid		lib-symb/fontawesome5/tex/latex/fontawesome5/fontawesome5-mapping.def	package PUA U+F6A1; mapped to public Unicode; style-class solid
\faTractor	text	text	U+25A1	tractor			solid		lib-symb/fontawesome5/tex/latex/fontawesome5/fontawesome5-mapping.def	package PUA U+F722; mapped to public Unicode; style-class solid
\faTradeFederation	text	text	U+25A1	trade-federation			solid		lib-symb/fontawesome5/tex/latex/fontawesome5/fontawesome5-mapping.def	package PUA U+F513; mapped to public Unicode; style-class solid
\faTrademark	text	text	U+25A1	trademark			solid		lib-symb/fontawesome5/tex/latex/fontawesome5/fontawesome5-mapping.def	package PUA U+F25C; mapped to public Unicode; style-class solid
\faTrafficLight	text	text	U+25A1	traffic-light			solid		lib-symb/fontawesome5/tex/latex/fontawesome5/fontawesome5-mapping.def	package PUA U+F637; mapped to public Unicode; style-class solid
\faTrailer	text	text	U+25A1	trailer			solid		lib-symb/fontawesome5/tex/latex/fontawesome5/fontawesome5-mapping.def	package PUA U+E041; mapped to public Unicode; style-class solid
\faTrain	text	text	U+25A1	train			solid		lib-symb/fontawesome5/tex/latex/fontawesome5/fontawesome5-mapping.def	package PUA U+F238; mapped to public Unicode; style-class solid
\faTram	text	text	U+25A1	tram			solid		lib-symb/fontawesome5/tex/latex/fontawesome5/fontawesome5-mapping.def	package PUA U+F7DA; mapped to public Unicode; style-class solid
\faTransgender	text	text	U+25A1	transgender			solid		lib-symb/fontawesome5/tex/latex/fontawesome5/fontawesome5-mapping.def	package PUA U+F224; mapped to public Unicode; style-class solid
\faTrash	text	text	U+1F5D1	trash			solid		lib-symb/fontawesome5/tex/latex/fontawesome5/fontawesome5-mapping.def	package PUA U+F1F8; mapped to public Unicode; style-class solid
\faTrashRestore	text	text	U+25A1	trash-restore			solid		lib-symb/fontawesome5/tex/latex/fontawesome5/fontawesome5-mapping.def	package PUA U+F829; mapped to public Unicode; style-class solid
\faTree	text	text	U+1F333	tree			solid		lib-symb/fontawesome5/tex/latex/fontawesome5/fontawesome5-mapping.def	package PUA U+F1BB; mapped to public Unicode; style-class solid
\faTrello	text	text	U+25A1	trello			solid		lib-symb/fontawesome5/tex/latex/fontawesome5/fontawesome5-mapping.def	package PUA U+F181; mapped to public Unicode; style-class solid
\faTrophy	text	text	U+1F3C6	trophy			solid		lib-symb/fontawesome5/tex/latex/fontawesome5/fontawesome5-mapping.def	package PUA U+F091; mapped to public Unicode; style-class solid
\faTruck	text	text	U+1F69A	truck			solid		lib-symb/fontawesome5/tex/latex/fontawesome5/fontawesome5-mapping.def	package PUA U+F0D1; mapped to public Unicode; style-class solid
\faTruckLoading	text	text	U+25A1	truck-loading			solid		lib-symb/fontawesome5/tex/latex/fontawesome5/fontawesome5-mapping.def	package PUA U+F4DE; mapped to public Unicode; style-class solid
\faTruckMonster	text	text	U+25A1	truck-monster			solid		lib-symb/fontawesome5/tex/latex/fontawesome5/fontawesome5-mapping.def	package PUA U+F63B; mapped to public Unicode; style-class solid
\faTruckMoving	text	text	U+25A1	truck-moving			solid		lib-symb/fontawesome5/tex/latex/fontawesome5/fontawesome5-mapping.def	package PUA U+F4DF; mapped to public Unicode; style-class solid
\faTruckPickup	text	text	U+25A1	truck-pickup			solid		lib-symb/fontawesome5/tex/latex/fontawesome5/fontawesome5-mapping.def	package PUA U+F63C; mapped to public Unicode; style-class solid
\faTshirt	text	text	U+1F455	tshirt			solid		lib-symb/fontawesome5/tex/latex/fontawesome5/fontawesome5-mapping.def	package PUA U+F553; mapped to public Unicode; style-class solid
\faTty	text	text	U+25A1	tty			solid		lib-symb/fontawesome5/tex/latex/fontawesome5/fontawesome5-mapping.def	package PUA U+F1E4; mapped to public Unicode; style-class solid
\faTumblr	text	text	U+25A1	tumblr			solid		lib-symb/fontawesome5/tex/latex/fontawesome5/fontawesome5-mapping.def	package PUA U+F173; mapped to public Unicode; style-class solid
\faTumblrSquare	text	text	U+25A1	tumblr-square			solid		lib-symb/fontawesome5/tex/latex/fontawesome5/fontawesome5-mapping.def	package PUA U+F174; mapped to public Unicode; style-class solid
\faTv	text	text	U+1F4FA	tv			solid		lib-symb/fontawesome5/tex/latex/fontawesome5/fontawesome5-mapping.def	package PUA U+F26C; mapped to public Unicode; style-class solid
\faTwitch	text	text	U+25A1	twitch			solid		lib-symb/fontawesome5/tex/latex/fontawesome5/fontawesome5-mapping.def	package PUA U+F1E8; mapped to public Unicode; style-class solid
\faTwitter	text	text	U+1F426	twitter			solid		lib-symb/fontawesome5/tex/latex/fontawesome5/fontawesome5-mapping.def	package PUA U+F099; mapped to public Unicode; style-class solid
\faTwitterSquare	text	text	U+25A1	twitter-square			solid		lib-symb/fontawesome5/tex/latex/fontawesome5/fontawesome5-mapping.def	package PUA U+F081; mapped to public Unicode; style-class solid
\faUber	text	text	U+25A1	uber			solid		lib-symb/fontawesome5/tex/latex/fontawesome5/fontawesome5-mapping.def	package PUA U+F402; mapped to public Unicode; style-class solid
\faUbuntu	text	text	U+25A1	ubuntu			solid		lib-symb/fontawesome5/tex/latex/fontawesome5/fontawesome5-mapping.def	package PUA U+F7DF; mapped to public Unicode; style-class solid
\faUikit	text	text	U+25A1	uikit			solid		lib-symb/fontawesome5/tex/latex/fontawesome5/fontawesome5-mapping.def	package PUA U+F403; mapped to public Unicode; style-class solid
\faUmbraco	text	text	U+25A1	umbraco			solid		lib-symb/fontawesome5/tex/latex/fontawesome5/fontawesome5-mapping.def	package PUA U+F8E8; mapped to public Unicode; style-class solid
\faUmbrella	text	text	U+2602	umbrella			solid		lib-symb/fontawesome5/tex/latex/fontawesome5/fontawesome5-mapping.def	package PUA U+F0E9; mapped to public Unicode; style-class solid
\faUmbrellaBeach	text	text	U+25A1	umbrella-beach			solid		lib-symb/fontawesome5/tex/latex/fontawesome5/fontawesome5-mapping.def	package PUA U+F5CA; mapped to public Unicode; style-class solid
\faUncharted	text	text	U+25A1	uncharted			solid		lib-symb/fontawesome5/tex/latex/fontawesome5/fontawesome5-mapping.def	package PUA U+E084; mapped to public Unicode; style-class solid
\faUnderline	text	text	U+0332	underline			solid		lib-symb/fontawesome5/tex/latex/fontawesome5/fontawesome5-mapping.def	package PUA U+F0CD; mapped to public Unicode; style-class solid
\faUndo	text	text	U+21AA	undo			solid	\hookrightarrow	lib-symb/fontawesome5/tex/latex/fontawesome5/fontawesome5-mapping.def	package PUA U+F0E2; mapped to public Unicode; style-class solid
\faUniregistry	text	text	U+25A1	uniregistry			solid		lib-symb/fontawesome5/tex/latex/fontawesome5/fontawesome5-mapping.def	package PUA U+F404; mapped to public Unicode; style-class solid
\faUnity	text	text	U+25A1	unity			solid		lib-symb/fontawesome5/tex/latex/fontawesome5/fontawesome5-mapping.def	package PUA U+E049; mapped to public Unicode; style-class solid
\faUniversalAccess	text	text	U+25A1	universal-access			solid		lib-symb/fontawesome5/tex/latex/fontawesome5/fontawesome5-mapping.def	package PUA U+F29A; mapped to public Unicode; style-class solid
\faUniversity	text	text	U+1F3DB	university			solid		lib-symb/fontawesome5/tex/latex/fontawesome5/fontawesome5-mapping.def	package PUA U+F19C; mapped to public Unicode; style-class solid
\faUnlink	text	text	U+1F517	unlink			solid		lib-symb/fontawesome5/tex/latex/fontawesome5/fontawesome5-mapping.def	package PUA U+F127; mapped to public Unicode; style-class solid
\faUnlock	text	text	U+1F513	unlock			solid		lib-symb/fontawesome5/tex/latex/fontawesome5/fontawesome5-mapping.def	package PUA U+F09C; mapped to public Unicode; style-class solid
\faUnsplash	text	text	U+25A1	unsplash			solid		lib-symb/fontawesome5/tex/latex/fontawesome5/fontawesome5-mapping.def	package PUA U+E07C; mapped to public Unicode; style-class solid
\faUntappd	text	text	U+25A1	untappd			solid		lib-symb/fontawesome5/tex/latex/fontawesome5/fontawesome5-mapping.def	package PUA U+F405; mapped to public Unicode; style-class solid
\faUpload	text	text	U+2B06	upload			solid		lib-symb/fontawesome5/tex/latex/fontawesome5/fontawesome5-mapping.def	package PUA U+F093; mapped to public Unicode; style-class solid
\faUps	text	text	U+25A1	ups			solid		lib-symb/fontawesome5/tex/latex/fontawesome5/fontawesome5-mapping.def	package PUA U+F7E0; mapped to public Unicode; style-class solid
\faUsb	text	text	U+25A1	usb			solid		lib-symb/fontawesome5/tex/latex/fontawesome5/fontawesome5-mapping.def	package PUA U+F287; mapped to public Unicode; style-class solid
\faUser	text	text	U+1F464	user			solid		lib-symb/fontawesome5/tex/latex/fontawesome5/fontawesome5-mapping.def	package PUA U+F007; mapped to public Unicode; style-class solid
\faUserAltSlash	text	text	U+25A1	user-alt-slash			solid		lib-symb/fontawesome5/tex/latex/fontawesome5/fontawesome5-mapping.def	package PUA U+F4FA; mapped to public Unicode; style-class solid
\faUserAstronaut	text	text	U+25A1	user-astronaut			solid		lib-symb/fontawesome5/tex/latex/fontawesome5/fontawesome5-mapping.def	package PUA U+F4FB; mapped to public Unicode; style-class solid
\faUserCheck	text	text	U+25A1	user-check			solid		lib-symb/fontawesome5/tex/latex/fontawesome5/fontawesome5-mapping.def	package PUA U+F4FC; mapped to public Unicode; style-class solid
\faUserCircle	text	text	U+1F464	user-circle			solid		lib-symb/fontawesome5/tex/latex/fontawesome5/fontawesome5-mapping.def	package PUA U+F2BD; mapped to public Unicode; style-class solid
\faUserClock	text	text	U+25A1	user-clock			solid		lib-symb/fontawesome5/tex/latex/fontawesome5/fontawesome5-mapping.def	package PUA U+F4FD; mapped to public Unicode; style-class solid
\faUserCog	text	text	U+25A1	user-cog			solid		lib-symb/fontawesome5/tex/latex/fontawesome5/fontawesome5-mapping.def	package PUA U+F4FE; mapped to public Unicode; style-class solid
\faUserEdit	text	text	U+25A1	user-edit			solid		lib-symb/fontawesome5/tex/latex/fontawesome5/fontawesome5-mapping.def	package PUA U+F4FF; mapped to public Unicode; style-class solid
\faUserFriends	text	text	U+25A1	user-friends			solid		lib-symb/fontawesome5/tex/latex/fontawesome5/fontawesome5-mapping.def	package PUA U+F500; mapped to public Unicode; style-class solid
\faUserGraduate	text	text	U+25A1	user-graduate			solid		lib-symb/fontawesome5/tex/latex/fontawesome5/fontawesome5-mapping.def	package PUA U+F501; mapped to public Unicode; style-class solid
\faUserInjured	text	text	U+25A1	user-injured			solid		lib-symb/fontawesome5/tex/latex/fontawesome5/fontawesome5-mapping.def	package PUA U+F728; mapped to public Unicode; style-class solid
\faUserLock	text	text	U+25A1	user-lock			solid		lib-symb/fontawesome5/tex/latex/fontawesome5/fontawesome5-mapping.def	package PUA U+F502; mapped to public Unicode; style-class solid
\faUserMd	text	text	U+25A1	user-md			solid		lib-symb/fontawesome5/tex/latex/fontawesome5/fontawesome5-mapping.def	package PUA U+F0F0; mapped to public Unicode; style-class solid
\faUserMinus	text	text	U+25A1	user-minus			solid		lib-symb/fontawesome5/tex/latex/fontawesome5/fontawesome5-mapping.def	package PUA U+F503; mapped to public Unicode; style-class solid
\faUserNinja	text	text	U+25A1	user-ninja			solid		lib-symb/fontawesome5/tex/latex/fontawesome5/fontawesome5-mapping.def	package PUA U+F504; mapped to public Unicode; style-class solid
\faUserNurse	text	text	U+25A1	user-nurse			solid		lib-symb/fontawesome5/tex/latex/fontawesome5/fontawesome5-mapping.def	package PUA U+F82F; mapped to public Unicode; style-class solid
\faUserPlus	text	text	U+25A1	user-plus			solid		lib-symb/fontawesome5/tex/latex/fontawesome5/fontawesome5-mapping.def	package PUA U+F234; mapped to public Unicode; style-class solid
\faUserSecret	text	text	U+25A1	user-secret			solid		lib-symb/fontawesome5/tex/latex/fontawesome5/fontawesome5-mapping.def	package PUA U+F21B; mapped to public Unicode; style-class solid
\faUserShield	text	text	U+25A1	user-shield			solid		lib-symb/fontawesome5/tex/latex/fontawesome5/fontawesome5-mapping.def	package PUA U+F505; mapped to public Unicode; style-class solid
\faUserSlash	text	text	U+25A1	user-slash			solid		lib-symb/fontawesome5/tex/latex/fontawesome5/fontawesome5-mapping.def	package PUA U+F506; mapped to public Unicode; style-class solid
\faUserTag	text	text	U+25A1	user-tag			solid		lib-symb/fontawesome5/tex/latex/fontawesome5/fontawesome5-mapping.def	package PUA U+F507; mapped to public Unicode; style-class solid
\faUserTie	text	text	U+25A1	user-tie			solid		lib-symb/fontawesome5/tex/latex/fontawesome5/fontawesome5-mapping.def	package PUA U+F508; mapped to public Unicode; style-class solid
\faUserTimes	text	text	U+25A1	user-times			solid		lib-symb/fontawesome5/tex/latex/fontawesome5/fontawesome5-mapping.def	package PUA U+F235; mapped to public Unicode; style-class solid
\faUsers	text	text	U+1F465	users			solid		lib-symb/fontawesome5/tex/latex/fontawesome5/fontawesome5-mapping.def	package PUA U+F0C0; mapped to public Unicode; style-class solid
\faUsersCog	text	text	U+25A1	users-cog			solid		lib-symb/fontawesome5/tex/latex/fontawesome5/fontawesome5-mapping.def	package PUA U+F509; mapped to public Unicode; style-class solid
\faUsersSlash	text	text	U+25A1	users-slash			solid		lib-symb/fontawesome5/tex/latex/fontawesome5/fontawesome5-mapping.def	package PUA U+E073; mapped to public Unicode; style-class solid
\faUsps	text	text	U+25A1	usps			solid		lib-symb/fontawesome5/tex/latex/fontawesome5/fontawesome5-mapping.def	package PUA U+F7E1; mapped to public Unicode; style-class solid
\faUssunnah	text	text	U+25A1	ussunnah			solid		lib-symb/fontawesome5/tex/latex/fontawesome5/fontawesome5-mapping.def	package PUA U+F407; mapped to public Unicode; style-class solid
\faUtensilSpoon	text	text	U+25A1	utensil-spoon			solid		lib-symb/fontawesome5/tex/latex/fontawesome5/fontawesome5-mapping.def	package PUA U+F2E5; mapped to public Unicode; style-class solid
\faUtensils	text	text	U+25A1	utensils			solid		lib-symb/fontawesome5/tex/latex/fontawesome5/fontawesome5-mapping.def	package PUA U+F2E7; mapped to public Unicode; style-class solid
\faVaadin	text	text	U+25A1	vaadin			solid		lib-symb/fontawesome5/tex/latex/fontawesome5/fontawesome5-mapping.def	package PUA U+F408; mapped to public Unicode; style-class solid
\faVectorSquare	text	text	U+25A1	vector-square			solid		lib-symb/fontawesome5/tex/latex/fontawesome5/fontawesome5-mapping.def	package PUA U+F5CB; mapped to public Unicode; style-class solid
\faVenus	text	text	U+25A1	venus			solid		lib-symb/fontawesome5/tex/latex/fontawesome5/fontawesome5-mapping.def	package PUA U+F221; mapped to public Unicode; style-class solid
\faVenusDouble	text	text	U+25A1	venus-double			solid		lib-symb/fontawesome5/tex/latex/fontawesome5/fontawesome5-mapping.def	package PUA U+F226; mapped to public Unicode; style-class solid
\faVenusMars	text	text	U+25A1	venus-mars			solid		lib-symb/fontawesome5/tex/latex/fontawesome5/fontawesome5-mapping.def	package PUA U+F228; mapped to public Unicode; style-class solid
\faVest	text	text	U+25A1	vest			solid		lib-symb/fontawesome5/tex/latex/fontawesome5/fontawesome5-mapping.def	package PUA U+E085; mapped to public Unicode; style-class solid
\faVestPatches	text	text	U+25A1	vest-patches			solid		lib-symb/fontawesome5/tex/latex/fontawesome5/fontawesome5-mapping.def	package PUA U+E086; mapped to public Unicode; style-class solid
\faViacoin	text	text	U+25A1	viacoin			solid		lib-symb/fontawesome5/tex/latex/fontawesome5/fontawesome5-mapping.def	package PUA U+F237; mapped to public Unicode; style-class solid
\faViadeo	text	text	U+25A1	viadeo			solid		lib-symb/fontawesome5/tex/latex/fontawesome5/fontawesome5-mapping.def	package PUA U+F2A9; mapped to public Unicode; style-class solid
\faViadeoSquare	text	text	U+25A1	viadeo-square			solid		lib-symb/fontawesome5/tex/latex/fontawesome5/fontawesome5-mapping.def	package PUA U+F2AA; mapped to public Unicode; style-class solid
\faVial	text	text	U+25A1	vial			solid		lib-symb/fontawesome5/tex/latex/fontawesome5/fontawesome5-mapping.def	package PUA U+F492; mapped to public Unicode; style-class solid
\faVials	text	text	U+25A1	vials			solid		lib-symb/fontawesome5/tex/latex/fontawesome5/fontawesome5-mapping.def	package PUA U+F493; mapped to public Unicode; style-class solid
\faViber	text	text	U+25A1	viber			solid		lib-symb/fontawesome5/tex/latex/fontawesome5/fontawesome5-mapping.def	package PUA U+F409; mapped to public Unicode; style-class solid
\faVideo	text	text	U+1F3A5	video			solid		lib-symb/fontawesome5/tex/latex/fontawesome5/fontawesome5-mapping.def	package PUA U+F03D; mapped to public Unicode; style-class solid
\faVideoSlash	text	text	U+25A1	video-slash			solid		lib-symb/fontawesome5/tex/latex/fontawesome5/fontawesome5-mapping.def	package PUA U+F4E2; mapped to public Unicode; style-class solid
\faVihara	text	text	U+25A1	vihara			solid		lib-symb/fontawesome5/tex/latex/fontawesome5/fontawesome5-mapping.def	package PUA U+F6A7; mapped to public Unicode; style-class solid
\faVimeo	text	text	U+25A1	vimeo			solid		lib-symb/fontawesome5/tex/latex/fontawesome5/fontawesome5-mapping.def	package PUA U+F40A; mapped to public Unicode; style-class solid
\faVimeoSquare	text	text	U+25A1	vimeo-square			solid		lib-symb/fontawesome5/tex/latex/fontawesome5/fontawesome5-mapping.def	package PUA U+F194; mapped to public Unicode; style-class solid
\faVimeoV	text	text	U+25A1	vimeo-v			solid		lib-symb/fontawesome5/tex/latex/fontawesome5/fontawesome5-mapping.def	package PUA U+F27D; mapped to public Unicode; style-class solid
\faVine	text	text	U+25A1	vine			solid		lib-symb/fontawesome5/tex/latex/fontawesome5/fontawesome5-mapping.def	package PUA U+F1CA; mapped to public Unicode; style-class solid
\faVirus	text	text	U+25A1	virus			solid		lib-symb/fontawesome5/tex/latex/fontawesome5/fontawesome5-mapping.def	package PUA U+E074; mapped to public Unicode; style-class solid
\faVirusSlash	text	text	U+25A1	virus-slash			solid		lib-symb/fontawesome5/tex/latex/fontawesome5/fontawesome5-mapping.def	package PUA U+E075; mapped to public Unicode; style-class solid
\faViruses	text	text	U+25A1	viruses			solid		lib-symb/fontawesome5/tex/latex/fontawesome5/fontawesome5-mapping.def	package PUA U+E076; mapped to public Unicode; style-class solid
\faVk	text	text	U+25A1	vk			solid		lib-symb/fontawesome5/tex/latex/fontawesome5/fontawesome5-mapping.def	package PUA U+F189; mapped to public Unicode; style-class solid
\faVnv	text	text	U+25A1	vnv			solid		lib-symb/fontawesome5/tex/latex/fontawesome5/fontawesome5-mapping.def	package PUA U+F40B; mapped to public Unicode; style-class solid
\faVoicemail	text	text	U+25A1	voicemail			solid		lib-symb/fontawesome5/tex/latex/fontawesome5/fontawesome5-mapping.def	package PUA U+F897; mapped to public Unicode; style-class solid
\faVolleyballBall	text	text	U+25A1	volleyball-ball			solid		lib-symb/fontawesome5/tex/latex/fontawesome5/fontawesome5-mapping.def	package PUA U+F45F; mapped to public Unicode; style-class solid
\faVolumeDown	text	text	U+25A1	volume-down			solid		lib-symb/fontawesome5/tex/latex/fontawesome5/fontawesome5-mapping.def	package PUA U+F027; mapped to public Unicode; style-class solid
\faVolumeMute	text	text	U+25A1	volume-mute			solid		lib-symb/fontawesome5/tex/latex/fontawesome5/fontawesome5-mapping.def	package PUA U+F6A9; mapped to public Unicode; style-class solid
\faVolumeOff	text	text	U+1F507	volume-off			solid		lib-symb/fontawesome5/tex/latex/fontawesome5/fontawesome5-mapping.def	package PUA U+F026; mapped to public Unicode; style-class solid
\faVolumeUp	text	text	U+1F50A	volume-up			solid		lib-symb/fontawesome5/tex/latex/fontawesome5/fontawesome5-mapping.def	package PUA U+F028; mapped to public Unicode; style-class solid
\faVoteYea	text	text	U+25A1	vote-yea			solid		lib-symb/fontawesome5/tex/latex/fontawesome5/fontawesome5-mapping.def	package PUA U+F772; mapped to public Unicode; style-class solid
\faVrCardboard	text	text	U+25A1	vr-cardboard			solid		lib-symb/fontawesome5/tex/latex/fontawesome5/fontawesome5-mapping.def	package PUA U+F729; mapped to public Unicode; style-class solid
\faVuejs	text	text	U+25A1	vuejs			solid		lib-symb/fontawesome5/tex/latex/fontawesome5/fontawesome5-mapping.def	package PUA U+F41F; mapped to public Unicode; style-class solid
\faWalking	text	text	U+25A1	walking			solid		lib-symb/fontawesome5/tex/latex/fontawesome5/fontawesome5-mapping.def	package PUA U+F554; mapped to public Unicode; style-class solid
\faWallet	text	text	U+25A1	wallet			solid		lib-symb/fontawesome5/tex/latex/fontawesome5/fontawesome5-mapping.def	package PUA U+F555; mapped to public Unicode; style-class solid
\faWarehouse	text	text	U+25A1	warehouse			solid		lib-symb/fontawesome5/tex/latex/fontawesome5/fontawesome5-mapping.def	package PUA U+F494; mapped to public Unicode; style-class solid
\faWatchmanMonitoring	text	text	U+25A1	watchman-monitoring			solid		lib-symb/fontawesome5/tex/latex/fontawesome5/fontawesome5-mapping.def	package PUA U+E087; mapped to public Unicode; style-class solid
\faWater	text	text	U+25A1	water			solid		lib-symb/fontawesome5/tex/latex/fontawesome5/fontawesome5-mapping.def	package PUA U+F773; mapped to public Unicode; style-class solid
\faWaveSquare	text	text	U+25A1	wave-square			solid		lib-symb/fontawesome5/tex/latex/fontawesome5/fontawesome5-mapping.def	package PUA U+F83E; mapped to public Unicode; style-class solid
\faWaze	text	text	U+25A1	waze			solid		lib-symb/fontawesome5/tex/latex/fontawesome5/fontawesome5-mapping.def	package PUA U+F83F; mapped to public Unicode; style-class solid
\faWeebly	text	text	U+25A1	weebly			solid		lib-symb/fontawesome5/tex/latex/fontawesome5/fontawesome5-mapping.def	package PUA U+F5CC; mapped to public Unicode; style-class solid
\faWeibo	text	text	U+25A1	weibo			solid		lib-symb/fontawesome5/tex/latex/fontawesome5/fontawesome5-mapping.def	package PUA U+F18A; mapped to public Unicode; style-class solid
\faWeight	text	text	U+25A1	weight			solid		lib-symb/fontawesome5/tex/latex/fontawesome5/fontawesome5-mapping.def	package PUA U+F496; mapped to public Unicode; style-class solid
\faWeightHanging	text	text	U+25A1	weight-hanging			solid		lib-symb/fontawesome5/tex/latex/fontawesome5/fontawesome5-mapping.def	package PUA U+F5CD; mapped to public Unicode; style-class solid
\faWeixin	text	text	U+25A1	weixin			solid		lib-symb/fontawesome5/tex/latex/fontawesome5/fontawesome5-mapping.def	package PUA U+F1D7; mapped to public Unicode; style-class solid
\faWhatsapp	text	text	U+25A1	whatsapp			solid		lib-symb/fontawesome5/tex/latex/fontawesome5/fontawesome5-mapping.def	package PUA U+F232; mapped to public Unicode; style-class solid
\faWhatsappSquare	text	text	U+25A1	whatsapp-square			solid		lib-symb/fontawesome5/tex/latex/fontawesome5/fontawesome5-mapping.def	package PUA U+F40C; mapped to public Unicode; style-class solid
\faWheelchair	text	text	U+25A1	wheelchair			solid		lib-symb/fontawesome5/tex/latex/fontawesome5/fontawesome5-mapping.def	package PUA U+F193; mapped to public Unicode; style-class solid
\faWhmcs	text	text	U+25A1	whmcs			solid		lib-symb/fontawesome5/tex/latex/fontawesome5/fontawesome5-mapping.def	package PUA U+F40D; mapped to public Unicode; style-class solid
\faWikipediaW	text	text	U+25A1	wikipedia-w			solid		lib-symb/fontawesome5/tex/latex/fontawesome5/fontawesome5-mapping.def	package PUA U+F266; mapped to public Unicode; style-class solid
\faWind	text	text	U+25A1	wind			solid		lib-symb/fontawesome5/tex/latex/fontawesome5/fontawesome5-mapping.def	package PUA U+F72E; mapped to public Unicode; style-class solid
\faWindowClose	text	text	U+2716	window-close			solid		lib-symb/fontawesome5/tex/latex/fontawesome5/fontawesome5-mapping.def	package PUA U+F410; mapped to public Unicode; style-class solid
\faWindowMaximize	text	text	U+25A1	window-maximize			solid		lib-symb/fontawesome5/tex/latex/fontawesome5/fontawesome5-mapping.def	package PUA U+F2D0; mapped to public Unicode; style-class solid
\faWindowMinimize	text	text	U+25A1	window-minimize			solid		lib-symb/fontawesome5/tex/latex/fontawesome5/fontawesome5-mapping.def	package PUA U+F2D1; mapped to public Unicode; style-class solid
\faWindowRestore	text	text	U+25A1	window-restore			solid		lib-symb/fontawesome5/tex/latex/fontawesome5/fontawesome5-mapping.def	package PUA U+F2D2; mapped to public Unicode; style-class solid
\faWindows	text	text	U+25A1	windows			solid		lib-symb/fontawesome5/tex/latex/fontawesome5/fontawesome5-mapping.def	package PUA U+F17A; mapped to public Unicode; style-class solid
\faWineBottle	text	text	U+25A1	wine-bottle			solid		lib-symb/fontawesome5/tex/latex/fontawesome5/fontawesome5-mapping.def	package PUA U+F72F; mapped to public Unicode; style-class solid
\faWineGlass	text	text	U+25A1	wine-glass			solid		lib-symb/fontawesome5/tex/latex/fontawesome5/fontawesome5-mapping.def	package PUA U+F4E3; mapped to public Unicode; style-class solid
\faWix	text	text	U+25A1	wix			solid		lib-symb/fontawesome5/tex/latex/fontawesome5/fontawesome5-mapping.def	package PUA U+F5CF; mapped to public Unicode; style-class solid
\faWizardsOfTheCoast	text	text	U+25A1	wizards-of-the-coast			solid		lib-symb/fontawesome5/tex/latex/fontawesome5/fontawesome5-mapping.def	package PUA U+F730; mapped to public Unicode; style-class solid
\faWodu	text	text	U+25A1	wodu			solid		lib-symb/fontawesome5/tex/latex/fontawesome5/fontawesome5-mapping.def	package PUA U+E088; mapped to public Unicode; style-class solid
\faWolfPackBattalion	text	text	U+25A1	wolf-pack-battalion			solid		lib-symb/fontawesome5/tex/latex/fontawesome5/fontawesome5-mapping.def	package PUA U+F514; mapped to public Unicode; style-class solid
\faWonSign	text	text	U+25A1	won-sign			solid		lib-symb/fontawesome5/tex/latex/fontawesome5/fontawesome5-mapping.def	package PUA U+F159; mapped to public Unicode; style-class solid
\faWordpress	text	text	U+25A1	wordpress			solid		lib-symb/fontawesome5/tex/latex/fontawesome5/fontawesome5-mapping.def	package PUA U+F19A; mapped to public Unicode; style-class solid
\faWordpressSimple	text	text	U+25A1	wordpress-simple			solid		lib-symb/fontawesome5/tex/latex/fontawesome5/fontawesome5-mapping.def	package PUA U+F411; mapped to public Unicode; style-class solid
\faWpbeginner	text	text	U+25A1	wpbeginner			solid		lib-symb/fontawesome5/tex/latex/fontawesome5/fontawesome5-mapping.def	package PUA U+F297; mapped to public Unicode; style-class solid
\faWpexplorer	text	text	U+25A1	wpexplorer			solid		lib-symb/fontawesome5/tex/latex/fontawesome5/fontawesome5-mapping.def	package PUA U+F2DE; mapped to public Unicode; style-class solid
\faWpforms	text	text	U+25A1	wpforms			solid		lib-symb/fontawesome5/tex/latex/fontawesome5/fontawesome5-mapping.def	package PUA U+F298; mapped to public Unicode; style-class solid
\faWpressr	text	text	U+25A1	wpressr			solid		lib-symb/fontawesome5/tex/latex/fontawesome5/fontawesome5-mapping.def	package PUA U+F3E4; mapped to public Unicode; style-class solid
\faWrench	text	text	U+1F527	wrench			solid		lib-symb/fontawesome5/tex/latex/fontawesome5/fontawesome5-mapping.def	package PUA U+F0AD; mapped to public Unicode; style-class solid
\faXRay	text	text	U+25A1	x-ray			solid		lib-symb/fontawesome5/tex/latex/fontawesome5/fontawesome5-mapping.def	package PUA U+F497; mapped to public Unicode; style-class solid
\faXbox	text	text	U+25A1	xbox			solid		lib-symb/fontawesome5/tex/latex/fontawesome5/fontawesome5-mapping.def	package PUA U+F412; mapped to public Unicode; style-class solid
\faXing	text	text	U+25A1	xing			solid		lib-symb/fontawesome5/tex/latex/fontawesome5/fontawesome5-mapping.def	package PUA U+F168; mapped to public Unicode; style-class solid
\faXingSquare	text	text	U+25A1	xing-square			solid		lib-symb/fontawesome5/tex/latex/fontawesome5/fontawesome5-mapping.def	package PUA U+F169; mapped to public Unicode; style-class solid
\faYCombinator	text	text	U+25A1	y-combinator			solid		lib-symb/fontawesome5/tex/latex/fontawesome5/fontawesome5-mapping.def	package PUA U+F23B; mapped to public Unicode; style-class solid
\faYahoo	text	text	U+25A1	yahoo			solid		lib-symb/fontawesome5/tex/latex/fontawesome5/fontawesome5-mapping.def	package PUA U+F19E; mapped to public Unicode; style-class solid
\faYammer	text	text	U+25A1	yammer			solid		lib-symb/fontawesome5/tex/latex/fontawesome5/fontawesome5-mapping.def	package PUA U+F840; mapped to public Unicode; style-class solid
\faYandex	text	text	U+25A1	yandex			solid		lib-symb/fontawesome5/tex/latex/fontawesome5/fontawesome5-mapping.def	package PUA U+F413; mapped to public Unicode; style-class solid
\faYandexInternational	text	text	U+25A1	yandex-international			solid		lib-symb/fontawesome5/tex/latex/fontawesome5/fontawesome5-mapping.def	package PUA U+F414; mapped to public Unicode; style-class solid
\faYarn	text	text	U+25A1	yarn			solid		lib-symb/fontawesome5/tex/latex/fontawesome5/fontawesome5-mapping.def	package PUA U+F7E3; mapped to public Unicode; style-class solid
\faYelp	text	text	U+25A1	yelp			solid		lib-symb/fontawesome5/tex/latex/fontawesome5/fontawesome5-mapping.def	package PUA U+F1E9; mapped to public Unicode; style-class solid
\faYenSign	text	text	U+25A1	yen-sign			solid		lib-symb/fontawesome5/tex/latex/fontawesome5/fontawesome5-mapping.def	package PUA U+F157; mapped to public Unicode; style-class solid
\faYinYang	text	text	U+25A1	yin-yang			solid		lib-symb/fontawesome5/tex/latex/fontawesome5/fontawesome5-mapping.def	package PUA U+F6AD; mapped to public Unicode; style-class solid
\faYoast	text	text	U+25A1	yoast			solid		lib-symb/fontawesome5/tex/latex/fontawesome5/fontawesome5-mapping.def	package PUA U+F2B1; mapped to public Unicode; style-class solid
\faYoutube	text	text	U+1F3A5	youtube			solid		lib-symb/fontawesome5/tex/latex/fontawesome5/fontawesome5-mapping.def	package PUA U+F167; mapped to public Unicode; style-class solid
\faYoutubeSquare	text	text	U+25A1	youtube-square			solid		lib-symb/fontawesome5/tex/latex/fontawesome5/fontawesome5-mapping.def	package PUA U+F431; mapped to public Unicode; style-class solid
\faZhihu	text	text	U+25A1	zhihu			solid		lib-symb/fontawesome5/tex/latex/fontawesome5/fontawesome5-mapping.def	package PUA U+F63F; mapped to public Unicode; style-class solid
